ide_detudc,con_udc,con_detudc,dsc_desc1,dsc_desc2,udc_default
100000,10,0,NO ESPECIFICADO,,
100001,10,1,AGUASCALIENTES,,90001
100002,10,2,ASIENTOS,,90001
100003,10,3,CALVILLO,,90001
100004,10,4,COSIO,,90001
100005,10,5,JESUS MARIA,,90001
100006,10,6,PABELLON DE ARTEAGA,,90001
100007,10,7,RINCON DE ROMOS,,90001
100008,10,8,SAN JOSE DE GRACIA,,90001
100009,10,9,TEPEZALA,,90001
100010,10,10,ENSENADA,,90002
100011,10,11,MEXICALI,,90002
100012,10,12,TECATE,,90002
100013,10,13,TIJUANA,,90002
100014,10,14,COMONDU,,90003
100015,10,15,MULEGE,,90003
100016,10,16,LA PAZ,,90003
100017,10,17,LOS CABOS,,90003
100018,10,18,CALKINI,,90004
100019,10,19,CAMPECHE,,90004
100020,10,20,CARMEN,,90004
100021,10,21,CHAMPOTON,,90004
100022,10,22,HECELCHAKAN,,90004
100023,10,23,HOPELCHEN,,90004
100024,10,24,PALIZADA,,90004
100025,10,25,TENABO,,90004
100026,10,26,ABASOLO,,90007
100027,10,27,ACU베,,90007
100028,10,28,ALLLENDE,,90007
100029,10,29,ARTEAGA,,90007
100030,10,30,CANDELA,,90007
100031,10,31,COACALCO,,90001
100032,10,32,CASTA벮S,,90007
100033,10,33,CUATRO CIENEGAS,,90007
100034,10,34,ESCOBEDO,,90007
100035,10,35,FRANCISCO I. MADERO,,90007
100036,10,36,FRONTERA,,90007
100037,10,37,GENERAL CEPEDA,,90007
100038,10,38,GUERRERO,,90007
100039,10,39,HIDALGO,,90007
100040,10,40,JIMENEZ,,90007
100041,10,41,JUAREZ,,90007
100042,10,42,LAMADRID,,90007
100043,10,43,MATAMOROS,,90007
100044,10,44,MONCLOVA,,90007
100045,10,45,MORELOS,,90007
100046,10,46,MUZQUIZ,,90007
100047,10,47,NADADORES,,90007
100048,10,48,NAVA,,90007
100049,10,49,OCAMPO,,90007
100050,10,50,PARRAS,,90007
100051,10,51,PIEDRAS NEGRAS,,90007
100052,10,52,PROGRESO,,90007
100053,10,53,RAMOS ARIZPE,,90007
100054,10,54,SABINAS,,90007
100055,10,55,SACRAMENTO,,90007
100056,10,56,SALTILLO,,90007
100057,10,57,SAN BUENAVENTURA,,90007
100058,10,58,SAN JUAN DE SABINAS,,90007
100059,10,59,SAN PEDRO,,90007
100060,10,60,SIERRA MOJADA,,90007
100061,10,61,TORREON,,90007
100062,10,62,VIESCA,,90007
100063,10,63,VILLA UNION,,90007
100064,10,64,ZARAGOZA,,90007
100065,10,65,ARMERIA,,90008
100066,10,66,COLIMA,,90008
100067,10,67,COMALA,,90008
100068,10,68,COQUIMATLAN,,90008
100069,10,69,CUAHUTEMOC,,90008
100070,10,70,IXTLAHUACAN,,90008
100071,10,71,MANZANILLO,,90008
100072,10,72,MINATITLAN,,90008
100073,10,73,TECOMAN,,90008
100074,10,74,VILLA DE ALVAREZ,,90008
100075,10,75,ACACOYAGUA,,90005
100076,10,76,ACALA,,90005
100077,10,77,ACAPETAHUA,,90005
100078,10,78,ALTAMIRANO,,90005
100079,10,79,AMATAN,,90005
100080,10,80,AMATENANGO DE LA FRONTERA,,90005
100081,10,81,AMATENANGO DEL VALLE,,90005
100082,10,82,ANGEL ALBINO CORZO,,90005
100083,10,83,ARRIAGA,,90005
100084,10,84,BEJUCAL DE OCAMPO,,90005
100085,10,85,BELLA VISTA,,90005
100086,10,86,BERRIOZABAL,,90005
100087,10,87,BOCHIL,,90005
100088,10,88,"BOSQUE, EL",,90005
100089,10,89,CACAHOATAN,,90005
100090,10,90,CATAZAJA,,90005
100091,10,91,CINTALAPA,,90005
100092,10,92,COAPILLA,,90005
100093,10,93,COMITAN DE DOMINGUEZ,,90005
100094,10,94,"CONCORDIA, LA",,90005
100095,10,95,COPAINALA,,90005
100096,10,96,CHALCHIHUITAN,,90005
100097,10,97,CHAMULA,,90005
100098,10,98,CHANAL,,90005
100099,10,99,CHAPULTENANGO,,90005
100100,10,100,CHENALHO,,90005
100101,10,101,CHIAPA DE CORZO,,90005
100102,10,102,CHIAPILLA,,90005
100103,10,103,CHICOASEN,,90005
100104,10,104,CHICOMUSELO,,90005
100105,10,105,CHILON,,90005
100106,10,106,ESCUINTLA,,90005
100107,10,107,FRANCISCO LEON,,90005
100108,10,108,FRONTERA COMALAPA,,90005
100109,10,109,FRONTERA HIDALGO,,90005
100110,10,110,"GRANDEZA, LA",,90005
100111,10,111,HUHUETAN,,90005
100112,10,112,HUIXTAN,,90005
100113,10,113,HUITIUPAN,,90005
100114,10,114,HUIXTLA,,90005
100115,10,115,"INDEPENDENCIA, LA",,90005
100116,10,116,IXHUATAN,,90005
100117,10,117,IXTACOMITAN,,90005
100118,10,118,IXTAPA,,90005
100119,10,119,IXTAPANGAJOYA,,90005
100120,10,120,JIQUIPILAS,,90005
100121,10,121,JITOTOL,,90005
100122,10,122,JUAREZ,,90005
100123,10,123,LARRAINZAR,,90005
100124,10,124,"LIBERTAD, LA",,90005
100125,10,125,MAPASTEPEC,,90005
100126,10,126,"MARGARITAS, LAS",,90005
100127,10,127,MAZAPA DE MADERO,,90005
100128,10,128,MAZATAN,,90005
100129,10,129,METAPA DE DOMINGUEZ,,90005
100130,10,130,MITONTIC,,90005
100131,10,131,MOTOZINTLA,,90005
100132,10,132,NICOLAS RUIZ,,90005
100133,10,133,OCOSINGO,,90005
100134,10,134,OCOTEPEC,,90005
100135,10,135,OCOZOCOAUTLA DE ESPINOSA,,90005
100136,10,136,OSTUACAN,,90005
100137,10,137,OSUMACINTA,,90005
100138,10,138,OXCHUC,,90005
100139,10,139,PALENQUE,,90005
100140,10,140,PANTELHO,,90005
100141,10,141,PANTEPEC,,90005
100142,10,142,PICHUCALCO,,90005
100143,10,143,PIJIJIAPAN,,90005
100144,10,144,"PORVENIR, EL",,90005
100145,10,145,VILLA COMALTITLAN,,90005
100146,10,146,PUEBLO NUEVO SOLISTAHUACAN,,90005
100147,10,147,RAYON,,90005
100148,10,148,REFORMA,,90005
100149,10,149,"ROSAS, LAS",,90005
100150,10,150,SABANILLA,,90005
100151,10,151,SALTO DEL AGUA,,90005
100152,10,152,SAN CRISTOBAL DE LAS CASAS,,90005
100153,10,153,SAN FERNANDO,,90005
100154,10,154,SILTEPEC,,90005
100155,10,155,SIMOJOVEL,,90005
100156,10,156,SITALA,,90005
100157,10,157,SOCOLTENANGO,,90005
100158,10,158,SOLOSUCHIAPA,,90005
100159,10,159,SOYALO,,90005
100160,10,160,SUCHIAPA,,90005
100161,10,161,SUCHIATE,,90005
100162,10,162,SUNUAPA,,90005
100163,10,163,TAPACHULA,,90005
100164,10,164,TAPALAPA,,90005
100165,10,165,TAPILULA,,90005
100166,10,166,TECPATAN,,90005
100167,10,167,TENEJAPA,,90005
100168,10,168,TEOPISCA,,90005
100169,10,169,TILA,,90005
100170,10,170,TONALA,,90005
100171,10,171,TOTOLAPA,,90005
100172,10,172,"TRINITARIA, LA",,90005
100173,10,173,TUMBALA,,90005
100174,10,174,TUXTLA GUTIERREZ,,90005
100175,10,175,TUXTLA CHICO,,90005
100176,10,176,TUZANTAN,,90005
100177,10,177,TZIMOL,,90005
100178,10,178,UNION JUAREZ,,90005
100179,10,179,VENUSTIANO CARRANZA,,90005
100180,10,180,VILLA CORZO,,90005
100181,10,181,VILLAFLORES,,90005
100182,10,182,YAJALON,,90005
100183,10,183,SAN LUCAS (EL ZAPOTAL),,90005
100184,10,184,ZINACANTAN,,90005
100185,10,185,SAN JUAN CANCUC,,90005
100186,10,186,AHUMADA,,90006
100187,10,187,ALDAMA,,90006
100188,10,188,ALLENDE,,90006
100189,10,189,AQUILES SERDAN,,90006
100190,10,190,ASCENCION,,90006
100191,10,191,BACHINIVA,,90006
100192,10,192,BALLEZA,,90006
100193,10,193,BATOPILAS,,90006
100194,10,194,BOCOYNA,,90006
100195,10,195,BUENAVENTURA,,90006
100196,10,196,CAMARGO,,90006
100197,10,197,CARICHI,,90006
100198,10,198,CASAS GRANDES,,90006
100199,10,199,CORONADO,,90006
100200,10,200,COYAME,,90006
100201,10,201,"CRUZ, LA",,90006
100202,10,202,CUAUHTEMOC,,90006
100203,10,203,CUSIHUIRIACHI,,90006
100204,10,204,CHIHUAHUA,,90006
100205,10,205,CHINIPAS,,90006
100206,10,206,DELICIAS,,90006
100207,10,207,D.R. BELISARIO DOMINGUEZ,,90006
100208,10,208,GALEANA,,90006
100209,10,209,GENERAL TRIAS,,90006
100210,10,210,GOMEZ FARIAS,,90006
100211,10,211,GRAN MORELOS,,90006
100212,10,212,GUACHOCHI,,90006
100213,10,213,GUADALUPE,,90006
100214,10,214,GUADALUPE Y CALVO,,90006
100215,10,215,GUAZAPARES,,90006
100216,10,216,GUERRERO,,90006
100217,10,217,HIDALGO PARRAL,,90006
100218,10,218,HUEJOTITAN,,90006
100219,10,219,IGNACIO ZARAGOZA,,90006
100220,10,220,JANOS,,90006
100221,10,221,JIMENEZ,,90006
100222,10,222,JUAREZ,,90006
100223,10,223,JULIMES,,90006
100224,10,224,LOPEZ,,90006
100225,10,225,MADERA,,90006
100226,10,226,MAGUARICHI,,90006
100227,10,227,MANUEL BENAVIDES,,90006
100228,10,228,MATACHI,,90006
100229,10,229,MATAMOROS,,90006
100230,10,230,MEOQUI,,90006
100231,10,231,MORELOS,,90006
100232,10,232,MORIS,,90006
100233,10,233,NAMIQUIPA,,90006
100234,10,234,NONOAVA,,90006
100235,10,235,NUEVO CASAS GRANDES,,90006
100236,10,236,OCAMPO,,90006
100237,10,237,OJINAGA,,90006
100238,10,238,PRAXEDIS G. GUERRERO,,90006
100239,10,239,RIVA PALACIO,,90006
100240,10,240,ROSALES,,90006
100241,10,241,ROSARIO,,90006
100242,10,242,SAN FRANCISCO DE BORJA,,90006
100243,10,243,SAN FRANCISCO DEL CONCHOS,,90006
100244,10,244,SAN FRANCISCO DEL ORO,,90006
100245,10,245,SANTA BARBARA,,90006
100246,10,246,SATEVO,,90006
100247,10,247,SAUCILLO,,90006
100248,10,248,TEMOSACHIC,,90006
100249,10,249,"TULE, EL",,90006
100250,10,250,URIQUE,,90006
100251,10,251,URUACHI,,90006
100252,10,252,VALLE ZARAGOZA,,90006
100253,10,253,GUSTAVO A MADERO,,90009
100254,10,254,AZCAPOTZALCO,,90009
100255,10,255,IZTACALCO,,90009
100256,10,256,COYOACAN,,90009
100257,10,257,ALVARO OBREGON,,90009
100258,10,258,"MAGDALENA CONTRERAS, LA",,90009
100259,10,259,CUAJIMALPA DE MORELOS,,90009
100260,10,260,TLALPAN,,90009
100261,10,261,IZTAPALAPA,,90009
100262,10,262,XOCHIMILCO,,90009
100263,10,263,MILPA ALTA,,90009
100264,10,264,TLAHUAC,,90009
100265,10,265,MIGUEL HIDALGO,,90009
100266,10,266,BENITO JUAREZ,,90009
100267,10,267,CUAUHTEMOC,,90009
100268,10,268,VENUSTIANO CARRANZA,,90009
100269,10,269,CANATLAN,,90010
100270,10,270,CANELAS,,90010
100271,10,271,CONETO DE COMONFORT,,90010
100272,10,272,CUENCAME,,90010
100273,10,273,DURANGO,,90010
100274,10,274,GENERAL SIMON BOLIVAR,,90010
100275,10,275,GOMEZ PALACIO,,90010
100276,10,276,GUADALUPE VICTORIA,,90010
100277,10,277,GUANACEVI,,90010
100278,10,278,HIDALGO,,90010
100279,10,279,INDE,,90010
100280,10,280,LERDO,,90010
100281,10,281,MAPIMI,,90010
100282,10,282,MEZQUITAL,,90010
100283,10,283,NAZAS,,90010
100284,10,284,NOMBRE DE DIOS,,90010
100285,10,285,OCAMPO,,90010
100286,10,286,EL ORO,,90010
100287,10,287,OTAEZ,,90010
100288,10,288,PANUCO DE CORONADO,,90010
100289,10,289,PE벮N BLANCO,,90010
100290,10,290,POANAS,,90010
100291,10,291,PUEBLO NUEVO,,90010
100292,10,292,RODEO,,90010
100293,10,293,SAN BERNARDO,,90010
100294,10,294,SAN DIMAS,,90010
100295,10,295,SAN JUAN DE GUADALUPE,,90010
100296,10,296,SAN JUAN DEL RIO,,90010
100297,10,297,SAN LUIS DEL CORDERO,,90010
100298,10,298,SAN PEDRO DEL GALLO,,90010
100299,10,299,SANTA CLARA,,90010
100300,10,300,SANTIAGO PAPASQUIARO,,90010
100301,10,301,SUCHIL,,90010
100302,10,302,TAMAZULA,,90010
100303,10,303,TEPEHUANES,,90010
100304,10,304,TLAHUALILO,,90010
100305,10,305,TOPIA,,90010
100306,10,306,VICENTE GUERRERO,,90010
100307,10,307,NUEVO IDEAL,,90010
100308,10,308,ABASOLO,,90011
100309,10,309,ACAMBARO,,90011
100310,10,310,ALLENDE,,90011
100311,10,311,APASEO EL ALTO,,90011
100312,10,312,APASEO EL GRANDE,,90011
100313,10,313,ATARJEA,,90011
100314,10,314,CELAYA,,90011
100315,10,315,CD. MANUEL DOBLADO,,90011
100316,10,316,COMONFORT,,90011
100317,10,317,CORONEO,,90011
100318,10,318,CORTAZAR,,90011
100319,10,319,CUERAMARO,,90011
100320,10,320,DOCTOR MORA,,90011
100321,10,321,DOLORES HIDALGO,,90011
100322,10,322,GUANAJUATO,,90011
100323,10,323,HUANIMARO,,90011
100324,10,324,IRAPUATO,,90011
100325,10,325,JARAL DEL PROGRESO,,90011
100326,10,326,JERACUARO,,90011
100327,10,327,LEON,,90011
100328,10,328,MOROLEON,,90011
100329,10,329,OCAMPO,,90011
100330,10,330,PENJAMO,,90011
100331,10,331,PUEBLO NUEVO,,90011
100332,10,332,PURISIMA DEL RINCON,,90011
100333,10,333,ROMITA,,90011
100334,10,334,SALAMANCA,,90011
100335,10,335,SALVATIERRA,,90011
100336,10,336,SAN DIEGO DE LA UNION,,90011
100337,10,337,SAN FELIPE,,90011
100338,10,338,SAN FRANCISCO DEL RINCON,,90011
100339,10,339,SAN JOSE DE ITURBIDE,,90011
100340,10,340,SAN LUIS DE LA PAZ,,90011
100341,10,341,SANTA CATARINA,,90011
100342,10,342,SANTA CRUZ DE JUVENTINO ROSAS,,90011
100343,10,343,SANTIAGO MARAVATIO,,90011
100344,10,344,SILAO,,90011
100345,10,345,TARANDACUARO,,90011
100346,10,346,TARIMORO,,90011
100347,10,347,TIERRA BLANCA,,90011
100348,10,348,URIANGATO,,90011
100349,10,349,VALLE DE SANTIAGO,,90011
100350,10,350,VICTORIA,,90011
100351,10,351,VILLAGRAN,,90011
100352,10,352,XICHU,,90011
100353,10,353,YURIRIA,,90011
100354,10,354,ACAPULCO DE JUAREZ,,90012
100355,10,355,AHUACUOTZINGO,,90012
100356,10,356,AJUCHITLAN DEL PROGRESO,,90012
100357,10,357,ALCOZAUCA DE GUERRERO,,90012
100358,10,358,ALPOYECA,,90012
100359,10,359,APAXTLA,,90012
100360,10,360,ARCELIA,,90012
100361,10,361,ATENANGO DEL RIO,,90012
100362,10,362,ATLAMAJALCINGO DEL NORTE,,90012
100363,10,363,ATLIXTAC,,90012
100364,10,364,ATOYAC DE ALVAREZ,,90012
100365,10,365,AYUTLA DE LOS LIBRES,,90012
100366,10,366,AZOYU,,90012
100367,10,367,BENITO JUAREZ,,90012
100368,10,368,BUENAVISTA DE CUELLAR,,90012
100369,10,369,COAHUAYUTLA DE JOSE MARIA IZAZAGA,,90012
100370,10,370,COCULA,,90012
100371,10,371,COPALA,,90012
100372,10,372,COPALILLO,,90012
100373,10,373,COPANATOYAC,,90012
100374,10,374,COYUCA DE BENITEZ,,90012
100375,10,375,COYUCA DE CATALAN,,90012
100376,10,376,CUAJINICUILAPA,,90012
100377,10,377,CUALAC,,90012
100378,10,378,CUAUTEPEC,,90012
100379,10,379,CUETZALA DEL PROGRESO,,90012
100380,10,380,CUTZAMALA DE PINZON,,90012
100381,10,381,CHILAPA DE ALVAREZ,,90012
100382,10,382,CHILPALCINGO DE LOS BRAVO,,90012
100383,10,383,FLORENCIO VILLA REAL,,90012
100384,10,384,GENERAL CANUTO A. NERI,,90012
100385,10,385,GENERAL HELIODORO CASTILLO,,90012
100386,10,386,HUAMUXTITLAN,,90012
100387,10,387,HUITZUCO DE LOS FIGUEROA,,90012
100388,10,388,IGUALA DE LA INDEPENDENCIA,,90012
100389,10,389,IGUALAPA,,90012
100390,10,390,IXCATEOPAN DE CUAUHTEMOC,,90012
100391,10,391,JOSE AZUETA,,90012
100392,10,392,JUAN R. ESCUDERO,,90012
100393,10,393,LEONARDO BRAVO,,90012
100394,10,394,MALINALTEPEC,,90012
100395,10,395,MARTIR DE CUILAPAN,,90012
100396,10,396,METLATONOC,,90012
100397,10,397,MOCHITLAN,,90012
100398,10,398,OLINALA,,90012
100399,10,399,OMETEPEC,,90012
100400,10,400,PEDRO ASCENCIO ALQUISIRAS,,90012
100401,10,401,PETATLAN,,90012
100402,10,402,PILCAYA,,90012
100403,10,403,PUNGARABATO,,90012
100404,10,404,QUECHULTENANGO,,90012
100405,10,405,SAN LUIS ACATLAN,,90012
100406,10,406,SAN MARCOS,,90012
100407,10,407,SAN MIGUEL TOTOLAPAN,,90012
100408,10,408,TAXCO DE ALARCON,,90012
100409,10,409,TECOANAPA,,90012
100410,10,410,TECPAN DE GALEANA,,90012
100411,10,411,TELOLOAPAN,,90012
100412,10,412,TEPECOACUILCO DE TRUJANO,,90012
100413,10,413,TETIPAC,,90012
100414,10,414,TIXTLA DE GUERRERO,,90012
100415,10,415,TLACOACHISTLAHUACA,,90012
100416,10,416,TLACOAPA,,90012
100417,10,417,TLALCHAPA,,90012
100418,10,418,TLALIXTAQUILLA DE MALDONADO,,90012
100419,10,419,TLAPA DE COMONFORT,,90012
100420,10,420,TLAPEHUALA,,90012
100421,10,421,LA UNION,,90012
100422,10,422,XALPATLAHUAC,,90012
100423,10,423,XOCHIHUEHUETLAN,,90012
100424,10,424,XOCHISTLAHUACA,,90012
100425,10,425,ZAPOTITLAN TABLAS,,90012
100426,10,426,ZIRANDARO,,90012
100427,10,427,ZITLALA,,90012
100428,10,428,EDUARDO NERI,,90012
100429,10,429,ACATLAN,,90013
100430,10,430,ACAXOCHITLAN,,90013
100431,10,431,ACTOPAN,,90013
100432,10,432,AGUA BLANCA DE ITURBIDE,,90013
100433,10,433,AJACUBA,,90013
100434,10,434,ALFAJAYUCAN,,90013
100435,10,435,ALMOLOYA,,90013
100436,10,436,APAN,,90013
100437,10,437,ARENAL EL,,90013
100438,10,438,ATITALAQUIA,,90013
100439,10,439,ATLAPEXCO,,90013
100440,10,440,ATOTONILCO EL GRANDE,,90013
100441,10,441,ATOTONILCO DE TULA,,90013
100442,10,442,CALNALI,,90013
100443,10,443,CARDONAL,,90013
100444,10,444,CUAUTEPEC DE HINOJOSA,,90013
100445,10,445,CHAPANTONGO,,90013
100446,10,446,CHAPULHUACAN,,90013
100447,10,447,CHILCUAUTLA,,90013
100448,10,448,ELOXOCHITLAN,,90013
100449,10,449,EMILIANO ZAPATA,,90013
100450,10,450,EPAZOYUCAN,,90013
100451,10,451,FRANCISCO I. MADERO,,90013
100452,10,452,HUASCA DE OCAMPO,,90013
100453,10,453,HUAUTLA,,90013
100454,10,454,HUAZALINGO,,90013
100455,10,455,HUEHUETLA,,90013
100456,10,456,HUEJUTLA DE REYES,,90013
100457,10,457,HUICHAPAN,,90013
100458,10,458,IXMIQUILPAN,,90013
100459,10,459,JACALA DE LEDEZMA,,90013
100460,10,460,JALTOCAN,,90013
100461,10,461,JUAREZ HIDALGO,,90013
100462,10,462,LOLOTLA,,90013
100463,10,463,METEPEC,,90013
100464,10,464,SAN AGUSTIN METZQUITITLAN,,90013
100465,10,465,MEZTITLAN,,90013
100466,10,466,MINERAL DEL CHICO,,90013
100467,10,467,MINERAL DEL MONTE,,90013
100468,10,468,MISION LA,,90013
100469,10,469,MIXQUIAHUALA DE JUAREZ,,90013
100470,10,470,MOLANGO DE ESCAMILLA,,90013
100471,10,471,NICOLAS FLORES,,90013
100472,10,472,NOPALA DE VILLAGRAN,,90013
100473,10,473,OMITLAN DE JUAREZ,,90013
100474,10,474,SAN FELIPE ORIZATLAN,,90013
100475,10,475,PACULA,,90013
100476,10,476,PACHUCA DE SOTO,,90013
100477,10,477,PISAFLORES,,90013
100478,10,478,PROGRESO DE OBREGON,,90013
100479,10,479,MINERAL DE LA REFORMA,,90013
100480,10,480,SAN AGUSTIN TLAXIACA,,90013
100481,10,481,SAN BARTOLO TUTOTEPEC,,90013
100482,10,482,SAN SALVADOR,,90013
100483,10,483,SANTIAGO DE ANAYA,,90013
100484,10,484,SANTIAGO TULANTEPEC DE LUGO GUERRERO,,90013
100485,10,485,SINGUILUCAN,,90013
100486,10,486,TASQUILLO,,90013
100487,10,487,TECOZAUTLA,,90013
100488,10,488,TENANGO DE DORIA,,90013
100489,10,489,TEPEAPULCO,,90013
100490,10,490,TEPEHUACAN DE GUERRERO,,90013
100491,10,491,TEPEJI DEL RIO DE OCAMPO,,90013
100492,10,492,TEPETITLAN,,90013
100493,10,493,TETEPANGO,,90013
100494,10,494,VILLA DE TEZONTEPEC,,90013
100495,10,495,TEZONTEPEC DE ALDAMA,,90013
100496,10,496,TIANGUISTENGO,,90013
100497,10,497,TIZAYUCA,,90013
100498,10,498,TLAHUELILPAN,,90013
100499,10,499,TLAHUILTEPA,,90013
100500,10,500,TLANALAPA,,90013
100501,10,501,TLANCHINOL,,90013
100502,10,502,TLAXCOAPAN,,90013
100503,10,503,TOLCAYUCA,,90013
100504,10,504,TULA DE ALLENDE,,90013
100505,10,505,TULANCINGO DE BRAVO,,90013
100506,10,506,XOCHIATIPAN,,90013
100507,10,507,XOCHICOATLAN,,90013
100508,10,508,YAHUALICA,,90013
100509,10,509,ZACUALTIPAN DE ANGELES,,90013
100510,10,510,ZAPOTLAN DE JUAREZ,,90013
100511,10,511,ZEMPOALA,,90013
100512,10,512,ZIMAPAN,,90013
100513,10,513,ACATIC,,90014
100514,10,514,ACATLAN DE JUAREZ,,90014
100515,10,515,AHUALULCO DE MERCADO,,90014
100516,10,516,AMACUECA,,90014
100517,10,517,AMATITAN,,90014
100518,10,518,AMECA,,90014
100519,10,519,ANTONIO ESCOBEDO,,90014
100520,10,520,ARANDAS,,90014
100521,10,521,ARENAL,,90014
100522,10,522,ATEJAMAC DE BRIZUELA,,90014
100523,10,523,ATENGO,,90014
100524,10,524,ATENGUILLO,,90014
100525,10,525,ATOTONILCO EL ALTO,,90014
100526,10,526,ATOYAC,,90014
100527,10,527,AUTLAN DE NAVARRO,,90014
100528,10,528,AYOTLAN,,90014
100529,10,529,AYUTLA,,90014
100530,10,530,"BARCA, LA",,90014
100531,10,531,BOLA벮S,,90014
100532,10,532,CABO CORRIENTES,,90014
100533,10,533,CASIMIRO CASTILLO,,90014
100534,10,534,CIHUATLAN,,90014
100535,10,535,CIUDAD GUZMAN,,90014
100536,10,536,COCULA,,90014
100537,10,537,COLOTLAN,,90014
100538,10,538,CONCEPCION DE BUENOS AIRES,,90014
100539,10,539,CUAUTITLAN,,90014
100540,10,540,CUAUTLA,,90014
100541,10,541,CUQUIO,,90014
100542,10,542,CHAPALA,,90014
100543,10,543,CHIQUILISTLAN,,90014
100544,10,544,DEGOLLADO,,90014
100545,10,545,EJUTLA,,90014
100546,10,546,ENCARNACION DE DIAZ,,90014
100547,10,547,ETZATLAN,,90014
100548,10,548,"GRULLO, EL",,90014
100549,10,549,GUACHINANGO,,90014
100550,10,550,GUADALAJARA,,90014
100551,10,551,HOSTOTIPAQUILLO,,90014
100552,10,552,HUEJUCAR,,90014
100553,10,553,HUEJUQUILLA DEL ALTO,,90014
100554,10,554,"HUERTA, LA",,90014
100555,10,555,IXTLAHUACAN DE LOS MEMBRILLOS,,90014
100556,10,556,IXTLAHUACAN DEL RIO,,90014
100557,10,557,JALOSTOTITLAN,,90014
100558,10,558,JAMAY,,90014
100559,10,559,JILOTLAN DE LOS DOLORES,,90014
100560,10,560,JOCOTEPEC,,90014
100561,10,561,JUANACATLAN,,90014
100562,10,562,JUCHITLAN,,90014
100563,10,563,LAGOS DE MORENO,,90014
100564,10,564,"LIMON, EL",,90014
100565,10,565,MAGDALENA,,90014
100566,10,566,MANUEL M. DIEGUEZ,,90014
100567,10,567,"MANZANILLA DE LA PAZ, LA",,90014
100568,10,568,MASCOTA,,90014
100569,10,569,MEXTICACAN,,90014
100570,10,570,MEZQUITIC,,90014
100571,10,571,MIXTLAN,,90014
100572,10,572,OCOTLAN,,90014
100573,10,573,OJUELOS DE JALISCO,,90014
100574,10,574,PIHUAMO,,90014
100575,10,575,PONCITLAN,,90014
100576,10,576,PUERTO VALLARTA,,90014
100577,10,577,VILLA PURIFICACION,,90014
100578,10,578,QUITUPAN,,90014
100579,10,579,"SALTO, EL",,90014
100580,10,580,SAN CRISTOBAL DE LA BARRANCA,,90014
100581,10,581,SAN DIEGO DE ALEJANDRIA,,90014
100582,10,582,SAN JUAN DE LOS LAGOS,,90014
100583,10,583,SAN JULIAN,,90014
100584,10,584,SAN MARCOS,,90014
100585,10,585,SAN MARTIN DE BOLA벮S,,90014
100586,10,586,SAN MARTIN HIDALGO,,90014
100587,10,587,SAN MIGUEL ALTO,,90014
100588,10,588,GOMEZ FARIAS,,90014
100589,10,589,SAN SEBASTIAN DEL OESTE,,90014
100590,10,590,SANTA MARIA DE LOS ANGELES,,90014
100591,10,591,SAYULA,,90014
100592,10,592,TALA,,90014
100593,10,593,TALPA DE ALLENDE,,90014
100594,10,594,TAMAZULA DE GORDIANO,,90014
100595,10,595,TAPALPA,,90014
100596,10,596,TECALITLAN,,90014
100597,10,597,TECOLOTLAN,,90014
100598,10,598,TECHALUTA DE MONTENEGRO,,90014
100599,10,599,TENAMAXTLAN,,90014
100600,10,600,TEOCALTICHE,,90014
100601,10,601,TEOCUITATLAN DE CORONA,,90014
100602,10,602,TEPATITLAN DE MORELOS,,90014
100603,10,603,TEQUILA,,90014
100604,10,604,TEUCHITLAN,,90014
100605,10,605,TIZAPAN EL ALTO,,90014
100606,10,606,TLAJOMULCO DE ZU벨GA,,90014
100607,10,607,TLAQUEPAQUE,,90014
100608,10,608,TOLIMAN,,90014
100609,10,609,TOMATLAN,,90014
100610,10,610,TONALA,,90014
100611,10,611,TONAYA,,90014
100612,10,612,TONILA,,90014
100613,10,613,TOTATICHE,,90014
100614,10,614,TOTOTLAN,,90014
100615,10,615,TUXCACUESCO,,90014
100616,10,616,TUXCUECA,,90014
100617,10,617,TUXPAN,,90014
100618,10,618,UNION DE SAN ANTONIO,,90014
100619,10,619,UNION DE TULA,,90014
100620,10,620,VALLE DE GUADALUPE,,90014
100621,10,621,VALLE DE JUAREZ,,90014
100622,10,622,CUIDAD VENUSTIANO CARRANZA,,90014
100623,10,623,VILLA CORONA,,90014
100624,10,624,VILLA GUERRERO,,90014
100625,10,625,VILLA HIDALGO,,90014
100626,10,626,CA베DAS DE OBREGON,,90014
100627,10,627,YAHUALICA DE GONZALEZ GALLO,,90014
100628,10,628,ZACOALCO DE TORRES,,90014
100629,10,629,ZAPOPAN,,90014
100630,10,630,ZAPOTILTIC,,90014
100631,10,631,ZAPOTITLAN DE VADILLO,,90014
100632,10,632,ZAPOTLAN DEL REY,,90014
100633,10,633,ZAPOTLANEJO,,90014
100634,10,634,ACAMBAY,,90015
100635,10,635,ACOLMAN,,90015
100636,10,636,ACULCO,,90015
100637,10,637,ALMOLOYA DE ALQUISIRAS,,90015
100638,10,638,ALMOLOYA DE JUAREZ,,90015
100639,10,639,ALMOLOYA DEL RIO,,90015
100640,10,640,AMANALCO,,90015
100641,10,641,AMATEPEC,,90015
100642,10,642,AMECAMECA,,90015
100643,10,643,APAXCO,,90015
100644,10,644,ATENCO,,90015
100645,10,645,ATIZAPAN,,90015
100646,10,646,ATIZAPAN DE ZARAGOZA,,90015
100647,10,647,ATLACOMULCO,,90015
100648,10,648,ATLAUTLA,,90015
100649,10,649,AXAPUSCO,,90015
100650,10,650,AYAPANGO,,90015
100651,10,651,CALIMAYA,,90015
100652,10,652,CAPULHUAC,,90015
100653,10,653,COACALCO,,90015
100654,10,654,COATEPEC HARINAS,,90015
100655,10,655,COCOTITLAN,,90015
100656,10,656,COYOTEPEC,,90015
100657,10,657,CUAUTITLAN,,90015
100658,10,658,CHALCO,,90015
100659,10,659,CHAPA DE MOTA,,90015
100660,10,660,CHAPULTEPEC,,90015
100661,10,661,CHIAUTLA,,90015
100662,10,662,CHICOLOAPAN,,90015
100663,10,663,CHICONCUAC,,90015
100664,10,664,CHIMALHUACAN,,90015
100665,10,665,DONATO GUERRA,,90015
100666,10,666,ECATEPEC,,90015
100667,10,667,ECATZINGO,,90015
100668,10,668,HUEHUETOCA,,90015
100669,10,669,HUEYPOXTLA,,90015
100670,10,670,HUIXQUILUCAN,,90015
100671,10,671,ISIDRO FABELA,,90015
100672,10,672,IXTAPALUCA,,90015
100673,10,673,IXTAPAN DE LA SAL,,90015
100674,10,674,IXTAPAN DEL ORO,,90015
100675,10,675,IXTLAHUACA,,90015
100676,10,676,JALATLACO,,90015
100677,10,677,JALTENCO,,90015
100678,10,678,JILOTEPEC,,90015
100679,10,679,JILOTZINGO,,90015
100680,10,680,JIQUIPILCO,,90015
100681,10,681,JOCOTITLAN,,90015
100682,10,682,JOQUICINGO,,90015
100683,10,683,JUCHITEPEC,,90015
100684,10,684,LERMA,,90015
100685,10,685,MALINALCO,,90015
100686,10,686,MELCHOR OCAMPO,,90015
100687,10,687,METEPEC,,90015
100688,10,688,MEXICALZINGO,,90015
100689,10,689,MORELOS,,90015
100690,10,690,NAUCALPAN,,90015
100691,10,691,NEZAHUALCOYOTL,,90015
100692,10,692,NEXTLALPAN,,90015
100693,10,693,NICOLAS ROMERO,,90015
100694,10,694,NOPALTEPEC,,90015
100695,10,695,OCOYOACAC,,90015
100696,10,696,OCUILAN,,90015
100697,10,697,EL ORO,,90015
100698,10,698,OTUMBA,,90015
100699,10,699,OTZOLOAPAN,,90015
100700,10,700,OTZOLOTEPEC,,90015
100701,10,701,OZUMBA,,90015
100702,10,702,PAPALOTLA,,90015
100703,10,703,LA PAZ,,90015
100704,10,704,POLOTITLAN,,90015
100705,10,705,RAYON,,90015
100706,10,706,SAN ANTONIO LA ISLA,,90015
100707,10,707,SAN FELIPE DEL PROGRESO,,90015
100708,10,708,SAN MARTIN DE LAS PIRAMIDES,,90015
100709,10,709,SAN MATEO ATENCO,,90015
100710,10,710,SAN SIMON DE GUERRERO,,90015
100711,10,711,SANTO TOMAS,,90015
100712,10,712,SOYANIQUILPAN DE JUAREZ,,90015
100713,10,713,SULTEPEC,,90015
100714,10,714,TECAMAC,,90015
100715,10,715,TEJUPILCO,,90015
100716,10,716,TEMAMATLA,,90015
100717,10,717,TEMASCALAPA,,90015
100718,10,718,TEMASCALCINGO,,90015
100719,10,719,TEMASCALTEPEC,,90015
100720,10,720,TEMOAYA,,90015
100721,10,721,TENANCINGO,,90015
100722,10,722,TENANGO DEL AIRE,,90015
100723,10,723,TENANGO DEL VALLE,,90015
100724,10,724,TEOLOYUCAN,,90015
100725,10,725,TEOTIHUACAN,,90015
100726,10,726,TEPETLAOXTOC,,90015
100727,10,727,TEPETLIXPA,,90015
100728,10,728,TEPOTZOTLAN,,90015
100729,10,729,TEQUIXQUIAC,,90015
100730,10,730,TEXCALTITLAN,,90015
100731,10,731,TEXCALYACAC,,90015
100732,10,732,TEXCOCO,,90015
100733,10,733,TEZOYUCA,,90015
100734,10,734,TIANGUISTENGO,,90015
100735,10,735,TIMILPAN,,90015
100736,10,736,TLALMANALCO,,90015
100737,10,737,TLALNEPANTLA,,90015
100738,10,738,TLATLAYA,,90015
100739,10,739,TOLUCA,,90015
100740,10,740,TONATICO,,90015
100741,10,741,TULTEPEC,,90015
100742,10,742,TULTITLAN,,90015
100743,10,743,VALLE DE BRAVO,,90015
100744,10,744,VILLA DE ALLENDE,,90015
100745,10,745,VILLA DEL CARBON,,90015
100746,10,746,VILLA GUERRERO,,90015
100747,10,747,VILLA VICTORIA,,90015
100748,10,748,XONACATLAN,,90015
100749,10,749,ZACAZONAPAN,,90015
100750,10,750,ZACUALPAN,,90015
100751,10,751,ZINANCANTEPEC,,90015
100752,10,752,ZUMPAHUACAN,,90015
100753,10,753,ZUMPANGO,,90015
100754,10,754,CUAUTITLAN IZCALLI,,90015
100755,10,755,ACUITZIO,,90016
100756,10,756,AGUILILLA,,90016
100757,10,757,ALVARO OBREGON,,90016
100758,10,758,ANGAMACUTIRO,,90016
100759,10,759,ANGANGUEO,,90016
100760,10,760,APATZINGAN,,90016
100761,10,761,APORO,,90016
100762,10,762,AQUILA,,90016
100763,10,763,ARIO,,90016
100764,10,764,ARTEAGA,,90016
100765,10,765,BRISE베S,,90016
100766,10,766,BUENAVISTA,,90016
100767,10,767,CARACUARO,,90016
100768,10,768,COAHUAYANA,,90016
100769,10,769,COALCOMAN DE VAZQUEZ PALLARES,,90016
100770,10,770,COENEO,,90016
100771,10,771,CONTEPEC,,90016
100772,10,772,COPANDARO,,90016
100773,10,773,COTIJA,,90016
100774,10,774,CUITZEO,,90016
100775,10,775,CHARAPAN,,90016
100776,10,776,CHARO,,90016
100777,10,777,CHAVINDA,,90016
100778,10,778,CHERAN,,90016
100779,10,779,CHILCHOTA,,90016
100780,10,780,CHINICUILA,,90016
100781,10,781,CHUCANDIRO,,90016
100782,10,782,CHURINTZIO,,90016
100783,10,783,CHURUMUCO,,90016
100784,10,784,ECUANDUREO,,90016
100785,10,785,EPITACIO HUERTA,,90016
100786,10,786,ERONGARICUARO,,90016
100787,10,787,GABRIEL ZAMORA,,90016
100788,10,788,HIDALGO,,90016
100789,10,789,LA HUACANA,,90016
100790,10,790,HUANDACAREO,,90016
100791,10,791,HUANIQUEO,,90016
100792,10,792,HUETAMO,,90016
100793,10,793,HUIRAMBA,,90016
100794,10,794,INDAPARAPEO,,90016
100795,10,795,IRIMBO,,90016
100796,10,796,IXTLAN,,90016
100797,10,797,JACONA,,90016
100798,10,798,JIMENEZ,,90016
100799,10,799,JUAREZ,,90016
100800,10,800,JUNGAPEO,,90016
100801,10,801,LAGUNILLAS,,90016
100802,10,802,MADERO,,90016
100803,10,803,MARAVATIO,,90016
100804,10,804,MARCOS CASTELLANOS,,90016
100805,10,805,LAZARO CARDENAS,,90016
100806,10,806,MORELIA,,90016
100807,10,807,MORELOS,,90016
100808,10,808,MUGICA,,90016
100809,10,809,NAHUATZEN,,90016
100810,10,810,NOCUPETARO,,90016
100811,10,811,NUEVO PARANGARICUTIRO,,90016
100812,10,812,NUEVO URECHO,,90016
100813,10,813,NUMARAN,,90016
100814,10,814,OCAMPO,,90016
100815,10,815,PAJACUARAN,,90016
100816,10,816,PANINDICUARO,,90016
100817,10,817,PARACUARO,,90016
100818,10,818,PARACHO,,90016
100819,10,819,PATZCUARO,,90016
100820,10,820,PENJAMILLO,,90016
100821,10,821,PERIBAN,,90016
100822,10,822,LA PIEDAD,,90016
100823,10,823,PUREPERO,,90016
100824,10,824,PURUANDIRO,,90016
100825,10,825,QUERENDARO,,90016
100826,10,826,QUIROGA,,90016
100827,10,827,COJUMATLAN DE REGULES,,90016
100828,10,828,LOS REYES,,90016
100829,10,829,SAHUAYO,,90016
100830,10,830,SAN LUCAS,,90016
100831,10,831,SANTA ANA MAYA,,90016
100832,10,832,SALVADOR ESCALANTE,,90016
100833,10,833,SENGUIO,,90016
100834,10,834,SUSUPUATO,,90016
100835,10,835,TACAMBARO,,90016
100836,10,836,TANCITARO,,90016
100837,10,837,TANGAMANDAPIO,,90016
100838,10,838,TANGANCICUARO,,90016
100839,10,839,TANHUATO,,90016
100840,10,840,TARETAN,,90016
100841,10,841,TARIMBARO,,90016
100842,10,842,TEPALCATEPEC,,90016
100843,10,843,TINGAMBATO,,90016
100844,10,844,TINGUINDIN,,90016
100845,10,845,TIQUICHEO DE NICOLAS ROMERO,,90016
100846,10,846,TLALPUJAHUA,,90016
100847,10,847,TLAZAZALCA,,90016
100848,10,848,TOCUMBO,,90016
100849,10,849,TUMBISCATIO,,90016
100850,10,850,TURICATO,,90016
100851,10,851,TUXPAN,,90016
100852,10,852,TUZANTLA,,90016
100853,10,853,TZINTZUNTZAN,,90016
100854,10,854,TZITZIO,,90016
100855,10,855,URUAPAN,,90016
100856,10,856,VENUSTIANO CARRANZA,,90016
100857,10,857,VILLAMAR,,90016
100858,10,858,VISTA HERMOSA,,90016
100859,10,859,YURECUARO,,90016
100860,10,860,ZACAPU,,90016
100861,10,861,ZAMORA,,90016
100862,10,862,ZINAPARO,,90016
100863,10,863,ZINAPECUARO,,90016
100864,10,864,ZIRACUARETIRO,,90016
100865,10,865,ZITACUARO,,90016
100866,10,866,JOSE SIXTO VERDUZCO,,90016
100867,10,867,AMACUZAC,,90017
100868,10,868,ATLATLAHUACAN,,90017
100869,10,869,AXOCHIAPAN,,90017
100870,10,870,AYALA,,90017
100871,10,871,COATLAN DEL RIO,,90017
100872,10,872,CUAUTLA,,90017
100873,10,873,CUERNAVACA,,90017
100874,10,874,EMILIANO ZAPATA,,90017
100875,10,875,HUITZILAC,,90017
100876,10,876,JANTETELCO,,90017
100877,10,877,JIUTEPEC,,90017
100878,10,878,JOJUTLA,,90017
100879,10,879,JONACATEPEC,,90017
100880,10,880,MAZATEPEC,,90017
100881,10,881,MIACATLAN,,90017
100882,10,882,OCUITUCO,,90017
100883,10,883,PUENTE DE IXTLA,,90017
100884,10,884,TEMIXCO,,90017
100885,10,885,TEPALCINGO,,90017
100886,10,886,TEPOZTLAN,,90017
100887,10,887,TETECALA,,90017
100888,10,888,TETELA DEL VOLCAN,,90017
100889,10,889,TLALNEPANTLA,,90017
100890,10,890,TLALTIZAPAN,,90017
100891,10,891,TLAQUILTENANGO,,90017
100892,10,892,TLAYACAPAN,,90017
100893,10,893,TOTOLAPAN,,90017
100894,10,894,XOCHITEPEC,,90017
100895,10,895,YAUTEPEC,,90017
100896,10,896,YECAPIXTLA,,90017
100897,10,897,ZACATEPEC,,90017
100898,10,898,ZACUALPAN,,90017
100899,10,899,TEMOAC,,90017
100900,10,900,ACAPONETA,,90018
100901,10,901,AHUACATLAN,,90018
100902,10,902,AMATLAN DE CA베S,,90018
100903,10,903,COMPOSTELA,,90018
100904,10,904,HUAJICORI,,90018
100905,10,905,IXTLAN DEL RIO,,90018
100906,10,906,JALA,,90018
100907,10,907,XALISCO,,90018
100908,10,908,EL NAYAR,,90018
100909,10,909,ROSAMORADA,,90018
100910,10,910,RUIZ,,90018
100911,10,911,SAN BLAS,,90018
100912,10,912,SAN PEDRO LAGUNILLAS,,90018
100913,10,913,SANTA MARIA DEL ORO,,90018
100914,10,914,SANTIAGO IXCUINTLA,,90018
100915,10,915,TECUALA,,90018
100916,10,916,TEPIC,,90018
100917,10,917,TUXPAN,,90018
100918,10,918,LA YESCA,,90018
100919,10,919,BAHIA DE BANDERAS,,90018
100920,10,920,ABASOLO,,90019
100921,10,921,AGUALEGUAS,,90019
100922,10,922,"ALDAMAS, LOS",,90019
100923,10,923,ALLENDE,,90019
100924,10,924,ANAHUAC,,90019
100925,10,925,APODACA,,90019
100926,10,926,ARAMBERRI,,90019
100927,10,927,BUSTAMANTE,,90019
100928,10,928,CADEREYTA JIMENEZ,,90019
100929,10,929,CARMEN,,90019
100930,10,930,CERRALVO,,90019
100931,10,931,CIENEGA DE FLORES,,90019
100932,10,932,CHINA,,90019
100933,10,933,DOCTOR ARROYO,,90019
100934,10,934,DOCTOR COSS,,90019
100935,10,935,DOCTOR GONZALEZ,,90019
100936,10,936,GALEANA,,90019
100937,10,937,GARCIA,,90019
100938,10,938,SAN PEDRO GARZA GARCIA,,90019
100939,10,939,GENERAL BRAVO,,90019
100940,10,940,GENERAL ESCOBEDO,,90019
100941,10,941,GENERAL TERAN,,90019
100942,10,942,GENERAL TREVI벮,,90019
100943,10,943,GENERAL ZARAGOZA,,90019
100944,10,944,GENERAL ZUAZUA,,90019
100945,10,945,GUADALUPE,,90019
100946,10,946,"HERRERAS, LOS",,90019
100947,10,947,HIGUERAS,,90019
100948,10,948,HUALAHUISES,,90019
100949,10,949,ITURBIDE,,90019
100950,10,950,JUAREZ,,90019
100951,10,951,LAMPAZOS DE NARANJO,,90019
100952,10,952,LINARES,,90019
100953,10,953,MARIN,,90019
100954,10,954,MELCHOR OCAMPO,,90019
100955,10,955,MIER Y NORIEGA,,90019
100956,10,956,MINA,,90019
100957,10,957,MONTEMORELOS,,90019
100958,10,958,MONTERREY,,90019
100959,10,959,PARAS,,90019
100960,10,960,PESQUERIA,,90019
100961,10,961,"RAMONES, LOS",,90019
100962,10,962,RAYONES,,90019
100963,10,963,SABINAS HIDALGO,,90019
100964,10,964,SALINAS VICTORIA,,90019
100965,10,965,SAN NICOLAS DE LOS GARZA,,90019
100966,10,966,HIDALGO,,90019
100967,10,967,SANTA CATARINA,,90019
100968,10,968,SANTIAGO,,90019
100969,10,969,VALLECILLO,,90019
100970,10,970,VILLALDAMA,,90019
100971,10,971,ABEJONES,,90020
100972,10,972,ACATLAN DE PEREZ FIGUEROA,,90020
100973,10,973,ASUNCION CACALOTEPEC,,90020
100974,10,974,ASUNCION CUYATEPEJI,,90020
100975,10,975,ASUNCION IXTALTEPEC,,90020
100976,10,976,ASUNCION NOCHIXTLAN,,90020
100977,10,977,ASUNCION OCOTLAN,,90020
100978,10,978,ASUNCION TLACOLULITA,,90020
100979,10,979,AYOTZINTEPEC,,90020
100980,10,980,"BARRIO DE LA SOLEDAD, EL",,90020
100981,10,981,CALIHUALA,,90020
100982,10,982,CANDELARIA LOXICHA,,90020
100983,10,983,"CIENEGA DE ZIMATLAN, LA",,90020
100984,10,984,CIUDAD IXTEPEC,,90020
100985,10,985,COATECAS ALTAS.,,90020
100986,10,986,COICOYAN DE LAS FLORES,,90020
100987,10,987,"COMPA벨A, LA",,90020
100988,10,988,CONCEPCION BUENAVISTA,,90020
100989,10,989,CONCEPCION DEL PAPALO,,90020
100990,10,990,CONSTANCIA DEL ROSARIO,,90020
100991,10,991,COSOLAPA,,90020
100992,10,992,CASOLTEPEC,,90020
100993,10,993,CUILAPAM DE GUERRERO,,90020
100994,10,994,CUYEMALCO VILLA DE ZARAGOZA,,90020
100995,10,995,CHAHUITES,,90020
100996,10,996,CHALCATONGO DE HIDALGO,,90020
100997,10,997,SAN JUAN CHIQUIHUITLAN,,90020
100998,10,998,EJUTLA DE CRESPO,,90020
100999,10,999,ELOXOCHITLAN DE FLORES MAGON,,90020
101000,10,1000,EL ESPINAL,,90020
101001,10,1001,TAMAZULAPAM DEL ESPIRITU SANTO,,90020
101002,10,1002,FRESNILLO DE TRUJANO,,90020
101003,10,1003,GUADALUPE ETLA,,90020
101004,10,1004,GUADALUPE RAMIREZ,,90020
101005,10,1005,GUELATAO DE JUAREZ,,90020
101006,10,1006,GUVEA DE HUMBOLDT,,90020
101007,10,1007,MESONES HIDALGO,,90020
101008,10,1008,VILLA HIDALGO,,90020
101009,10,1009,HUAJUAPAM DE LEON,,90020
101010,10,1010,HUAUTEPEC,,90020
101011,10,1011,HUAUTLA DE JIMENEZ,,90020
101012,10,1012,IXTLAN DE JUAREZ,,90020
101013,10,1013,JUCHITAN DE ZARAGOZA,,90020
101014,10,1014,LOMA BONITA,,90020
101015,10,1015,MAGDALENA APASCO,,90020
101016,10,1016,MAGDALENA JALTEPEC,,90020
101017,10,1017,SANTA MAGDALENA JICOTLAN,,90020
101018,10,1018,MAGDALENA MIXTEPEC,,90020
101019,10,1019,MAGDALENA OCOTLAN,,90020
101020,10,1020,MAGDALENA PE베SCO,,90020
101021,10,1021,MAGDALENA TEITIPAC,,90020
101022,10,1022,MAGDALENA TEQUISISTLAN,,90020
101023,10,1023,MAGDALENA TLACOTEPEC,,90020
101024,10,1024,MAGDALENA ZAHUATLAN,,90020
101025,10,1025,MARISCALA DE JUAREZ,,90020
101026,10,1026,MARTIRES DE TACUBAYA,,90020
101027,10,1027,MATIAS ROMERO,,90020
101028,10,1028,MAZATLAN VILLA DE FLORES,,90020
101029,10,1029,MIAHUATLAN DE PORFIRIO DIAZ,,90020
101030,10,1030,MIXISTLAN DE LA REFORMA,,90020
101031,10,1031,MONJAS,,90020
101032,10,1032,NATIVIDAD,,90020
101033,10,1033,NAZARENO ETLA,,90020
101034,10,1034,NEJAPA DE MADERO,,90020
101035,10,1035,IXPANTEPEC NIEVES,,90020
101036,10,1036,SANTIAGO NILTEPEC,,90020
101037,10,1037,OAXACA DE JUAREZ,,90020
101038,10,1038,OCOTLAN DE MORELOS,,90020
101039,10,1039,"PE, LA",,90020
101040,10,1040,PINOTEPA DE DON LUIS,,90020
101041,10,1041,PLUMA HIDALGO,,90020
101042,10,1042,SAN JOSE DEL PROGRESO,,90020
101043,10,1043,PUTLA VILLA DE GUERRERO,,90020
101044,10,1044,SANTA CATARINA QUIOQUITANI,,90020
101045,10,1045,REFORMA DE PINEDA,,90020
101046,10,1046,"REFORMA, LA",,90020
101047,10,1047,REYES ETLA,,90020
101048,10,1048,ROJAS DE CUAUHTEMOC,,90020
101049,10,1049,SALINA CRUZ,,90020
101050,10,1050,SAN AGUSTIN AMATENGO,,90020
101051,10,1051,SAN AGUSTIN ATENANGO,,90020
101052,10,1052,SAN AGUSTIN CHAYUCO,,90020
101053,10,1053,SAN AGUSTIN DE LAS JUNTAS,,90020
101054,10,1054,SAN AGUSTIN ETLA,,90020
101055,10,1055,SAN AGUSTIN LOXICHA,,90020
101056,10,1056,SAN AGUSTIN TLACOTEPEC,,90020
101057,10,1057,SAN AGUSTIN YATARENI,,90020
101058,10,1058,SAN ANDRES CABECERA NUEVA,,90020
101059,10,1059,SAN ANDRES DINICUITI,,90020
101060,10,1060,SAN ANDRES HUAXPALTEPEC,,90020
101061,10,1061,SAN ANDRES HUAYAPAM,,90020
101062,10,1062,SAN ANDRES IXTLAHUACA,,90020
101063,10,1063,SAN ANDRES LAGUNAS,,90020
101064,10,1064,SAN ANDRES NUXI벮,,90020
101065,10,1065,SAN ANDRES PAXTLAN,,90020
101066,10,1066,SAN ANDRES SINAXTLA,,90020
101067,10,1067,SAN ANDRES SOLAGA,,90020
101068,10,1068,SAN ANDRES TEOTILAPAM,,90020
101069,10,1069,SAN ANDRES TEPETLAPA,,90020
101070,10,1070,SAN ANDRES YAA,,90020
101071,10,1071,SAN ANDRES ZABACHE,,90020
101072,10,1072,SAN ANDRES ZAUTLA,,90020
101073,10,1073,SAN ANTONIO CASTILLO VELASCO,,90020
101074,10,1074,SAN ANTONIO EL ALTO,,90020
101075,10,1075,SAN ANTONIO MONTE VERDE,,90020
101076,10,1076,SAN ANTONIO ACUTLA,,90020
101077,10,1077,SAN ANTONIO DE LA CAL,,90020
101078,10,1078,SAN ANTONIO HUITEPEC,,90020
101079,10,1079,SAN ANTONIO NANAHUATIPAM,,90020
101080,10,1080,SAN ANTONIO SINICAHUA,,90020
101081,10,1081,SAN ANTONIO TEPETLAPA,,90020
101082,10,1082,SAN BALTAZAR DE CHICHICAPAM,,90020
101083,10,1083,SAN BALTAZAR LOXICHA,,90020
101084,10,1084,SAN BALTAZAR YATZACHI EL BAJO,,90020
101085,10,1085,SAN BARTOLO COYOTEPEC,,90020
101086,10,1086,SANN BARTOLOME AYOUTLA,,90020
101087,10,1087,SAN BARTOLOME LOXICHA,,90020
101088,10,1088,SAN BERTOLOME QUIALANA,,90020
101089,10,1089,SAN BARTOLOME YUCUA벤,,90020
101090,10,1090,SAN BARTOLOME ZOOGOCHO,,90020
101091,10,1091,SAN BARTOLO SOYALTEPEC,,90020
101092,10,1092,SAN BARTOLO YAUTEPEC,,90020
101093,10,1093,SAN BERNARDO MIXTEPEC,,90020
101094,10,1094,SAN BLAS ATEMPA,,90020
101095,10,1095,SAN CARLOS YAUTEPEC,,90020
101096,10,1096,SAN CRISTOBAL AMATLAN,,90020
101097,10,1097,SAN CRISTOBAL AMOLTEPEC,,90020
101098,10,1098,SAN CRISTOBAL LACHIRIOAG,,90020
101099,10,1099,SAN CRISTOBAL SUCHIXTLAHUACA,,90020
101100,10,1100,SAN DIONISIO DEL MAR,,90020
101101,10,1101,SAN DIONISIO OCOTEPEC,,90020
101102,10,1102,SAN DIONNISIO OCOTLAN,,90020
101103,10,1103,SAN ESTEBAN ATATLAHUACA,,90020
101104,10,1104,SAN FELIPE JALAPA DE DIAZ,,90020
101105,10,1105,SAN FELIPE TEJALAPAM,,90020
101106,10,1106,SAN FELIPE USILA,,90020
101107,10,1107,SAN FRANCISCO CAHUACUA,,90020
101108,10,1108,SAN FRANCISCO CAJONOS,,90020
101109,10,1109,SAN FRANCISCO CHAPULAPA,,90020
101110,10,1110,SAN FRANCISCO CHINDUA,,90020
101111,10,1111,SAN FRANCISCO DEL MAR,,90020
101112,10,1112,SAN FRANCISCO HUHUETLAN,,90020
101113,10,1113,SAN FRANCISCO IXHUATAN,,90020
101114,10,1114,SAN FRANCISCO JALTEPETONGO,,90020
101115,10,1115,SAN FRANCISCO LACHIGOLO,,90020
101116,10,1116,SAN FRANCISCO LAGUECHE,,90020
101117,10,1117,SAN FRANCISCO NUXA벮,,90020
101118,10,1118,SAN FRANCISCO OZOLOTEPEC,,90020
101119,10,1119,SAN FRANCISCO SOLA,,90020
101120,10,1120,SAN FRANCISCO TELIXTLAHUACA,,90020
101121,10,1121,SAN FRANCISCO TEOPAN,,90020
101122,10,1122,SAN FRANCISCO TLAPANCINGO,,90020
101123,10,1123,SAN GABRIEL MIXTEPEC,,90020
101124,10,1124,SAN ILDEFONSO AMATLAN,,90020
101125,10,1125,SAN ILDEFONSO SOLA,,90020
101126,10,1126,SAN IDELFONSO VILLA ALTA,,90020
101127,10,1127,SAN JACINTO AMILPAS,,90020
101128,10,1128,SAN JACINTO TLACOTEPEC,,90020
101129,10,1129,SAN JERONIMO COATLAN,,90020
101130,10,1130,SAN JERONIMO SILACAYOAPILLA,,90020
101131,10,1131,SAN JERONIMO SOSOLA,,90020
101132,10,1132,SAN JERONIMO TAVICHE,,90020
101133,10,1133,SAN JERONIMO TECOALT,,90020
101134,10,1134,SAN JORGE NUCHITA,,90020
101135,10,1135,SAN JOSE AYUQUILA,,90020
101136,10,1136,SAN JOSE CHILTEPEC,,90020
101137,10,1137,SAN JOSE DEL PE베SCO,,90020
101138,10,1138,SAN JOSE ESTANCIA GRANDE,,90020
101139,10,1139,SAN JOSE INDEPENDENCIA,,90020
101140,10,1140,SAN JOSE LACHIGUIRI,,90020
101141,10,1141,SAN JOSE TENANGO,,90020
101142,10,1142,SAN JUAN ACHIUTLA,,90020
101143,10,1143,SAN JUAN ATEPEC,,90020
101144,10,1144,ANIMAS TRUJANO,,90020
101145,10,1145,SAN JUAN BAUTISTA TLACOATZINTEPEC,,90020
101146,10,1146,SAN JUAN BAUTISTA COIXTLAHUACA,,90020
101147,10,1147,SAN JUAN BAUTISTA CUICALTLAN,,90020
101148,10,1148,SAN JUAN BAUTISTA GUELACHE,,90020
101149,10,1149,SAN JUAN BAUTISTA JAYACATLAN,,90020
101150,10,1150,SAN JUAN BAUTISTA LO DE SOTO,,90020
101151,10,1151,SAN JUAN BAUTISTA SUCHITEPEC,,90020
101152,10,1152,SAN JUAN BAUTISTA T.,,90020
101153,10,1153,SAN JUAN BAUTISTA TLACHICHILCO,,90020
101154,10,1154,SAN JUAN BAUTISTA TUXTEPEC,,90020
101155,10,1155,SAN JUAN CACAHUATEPEC,,90020
101156,10,1156,SAN JUAN CIENEGUILLA,,90020
101157,10,1157,SAN JUAN COATZOSPAM,,90020
101158,10,1158,SAN JUAN COLORADO,,90020
101159,10,1159,SAN JUAN COMALTEPEC,,90020
101160,10,1160,SAN JUAN COTZOCON,,90020
101161,10,1161,SAN JUAN CHICOMEZUCHIL,,90020
101162,10,1162,SAN JUAN CHILATECA,,90020
101163,10,1163,SAN JUAN DEL ESTADO,,90020
101164,10,1164,SAN JUAN DEL RIO,,90020
101165,10,1165,SAN JUAN DIUXI,,90020
101166,10,1166,SAN JUAN EVANGELISTA ANALCO,,90020
101167,10,1167,SAN JUAN GUELAVIA,,90020
101168,10,1168,SAN JUAN GUICHICOVI,,90020
101169,10,1169,SAN JUAN IHUALTEPEC,,90020
101170,10,1170,SAN JUAN JUQUILA MIXES,,90020
101171,10,1171,SAN JUAN JUQUILA VIJANOS,,90020
101172,10,1172,SAN JUAN LACHAO,,90020
101173,10,1173,SAN JUAN LACHIGALLA,,90020
101174,10,1174,SAN JUAN LAJARCIA,,90020
101175,10,1175,SAN JUAN LALANA,,90020
101176,10,1176,SAN JUAN DE LOS CUES,,90020
101177,10,1177,SAN JUAN MAZATLAN,,90020
101178,10,1178,SAN JUAN MIXTEPEC JUXTLAHUACA,,90020
101179,10,1179,SAN JUAN MIXTEPEC MIAHUATLAN,,90020
101180,10,1180,SAN JUAN 벳MI,,90020
101181,10,1181,SAN JUAN OZOLOTEPEC,,90020
101182,10,1182,SAN JUAN PETLAPA,,90020
101183,10,1183,SAN JUAN QUIAHIJE,,90020
101184,10,1184,SAN JUAN QUIOTEPEC,,90020
101185,10,1185,SAN JUAN SAYULTEPEC,,90020
101186,10,1186,SAN JUAN TABAA,,90020
101187,10,1187,SAN JUAN TAMAZOLA,,90020
101188,10,1188,SAN JUAN TEITA,,90020
101189,10,1189,SAN JUAN TEITIPAC,,90020
101190,10,1190,SAN JUAN TEPEUXILA,,90020
101191,10,1191,SAN JUAN TEPOSCOLULA,,90020
101192,10,1192,SAN JUAN YAE,,90020
101193,10,1193,SAN JUAN YATZONA,,90020
101194,10,1194,SAN JUAN YUCUITA,,90020
101195,10,1195,SAN LORENZO,,90020
101196,10,1196,SAN LORENZO ALBARRADAS,,90020
101197,10,1197,SAN LORENZO CACAOTEPEC,,90020
101198,10,1198,SAN LORENZO CUAUNECUILTITLAN,,90020
101199,10,1199,SAN LORENZO TEXMELUCAN,,90020
101200,10,1200,SAN LORENZO VICTORIA,,90020
101201,10,1201,SAN LUCAS CAMOTLAN,,90020
101202,10,1202,SAN LUCAS OJITLAN,,90020
101203,10,1203,SAN LUCAS QUIAVINI,,90020
101204,10,1204,SAN LUCAS ZOQUIAPAM,,90020
101205,10,1205,SAN LUIS AMATLAN,,90020
101206,10,1206,SAN MARCIAL OZOLOTEPEC,,90020
101207,10,1207,SAN MARCOS ARTEAGA,,90020
101208,10,1208,SAN MARTIN DE LOS CANCECOS,,90020
101209,10,1209,SAM MARTIN HUAMELULPAM,,90020
101210,10,1210,SAN MARTIN ITUNYOSO,,90020
101211,10,1211,SAN MARTIN LACHILA,,90020
101212,10,1212,SAN MARTIN PERAS,,90020
101213,10,1213,SAN MARTIN TILCAJETE,,90020
101214,10,1214,SAN MARTIN TOXPALAN,,90020
101215,10,1215,SAN MARTIN ZACATEPEC,,90020
101216,10,1216,SAN MATEO CAJONOS,,90020
101217,10,1217,CAPULALPAN DE MENDEZ,,90020
101218,10,1218,SAN MATEO DEL MAR,,90020
101219,10,1219,SAN MATEO YLOXOCHITLAN,,90020
101220,10,1220,SAN MATEO ETLATONGO,,90020
101221,10,1221,SAN MATEO NEJAPAM,,90020
101222,10,1222,SAN MATEO PE베SCO,,90020
101223,10,1223,SAN MATEO PI베S,,90020
101224,10,1224,SAN MATEO RIO HONDO,,90020
101225,10,1225,SAN MATEO SINDIHUI,,90020
101226,10,1226,SAN MATEO TLAPILTEPEC,,90020
101227,10,1227,SAN MELCHOR BETAZA,,90020
101228,10,1228,SAN MIGUEL ACHIUTLA,,90020
101229,10,1229,SAN MIGUEL AHUEHUETITLAN,,90020
101230,10,1230,SAN MIGUEL ALOAPAM,,90020
101231,10,1231,SAN MIGUEL AMATITLAN,,90020
101232,10,1232,SAN MIGUEL AMATLAN,,90020
101233,10,1233,SAN MIGUEL COATLAN,,90020
101234,10,1234,SAN MIGUEL CHICAHUA,,90020
101235,10,1235,SAN MIGUEL CHIMALAPA,,90020
101236,10,1236,SAN MIGUEL DEL PUERTO,,90020
101237,10,1237,SAN MIGUEL DEL RIO,,90020
101238,10,1238,SAN MIGUEL EJUTLA,,90020
101239,10,1239,SAN MIGUEL EL GRANDE,,90020
101240,10,1240,SAN MIGUEL HUAUTLA,,90020
101241,10,1241,SAN MIGUEL MIXTEPEC,,90020
101242,10,1242,SAN MIGUEL PANIXTLAHUACA,,90020
101243,10,1243,SAN MIGUEL PERAS,,90020
101244,10,1244,SAN MIGUEL PIEDRAS,,90020
101245,10,1245,SAN MIGUEL QUETZALTEPEC,,90020
101246,10,1246,SAN MIGUEL SANTA FLOR,,90020
101247,10,1247,VILA SOLA DE VEGA,,90020
101248,10,1248,NUEVO SOYALTEPEC,,90020
101249,10,1249,SAN MIGUEL SUCHIXTEPEC,,90020
101250,10,1250,SAN MIGUEL TALEA DE CASTRO,,90020
101251,10,1251,SAN MIGUEL TECOMATLAN,,90020
101252,10,1252,SAN MIGUEL TENANGO,,90020
101253,10,1253,SAN MIGUEL TEQUIXTEPEC,,90020
101254,10,1254,SAN MIGUEL TILQUIAPAM,,90020
101255,10,1255,SAN MIGUEL TLACAMAMA,,90020
101256,10,1256,SAN MIGUEL TLACOTEPEC,,90020
101257,10,1257,SAN MIGUEL TULANCINGO,,90020
101258,10,1258,SAN MIGUEL YOTAO,,90020
101259,10,1259,SAN NICOLAS,,90020
101260,10,1260,SAN NICOLAS HIDALGO,,90020
101261,10,1261,SAN PABLO COATLAN,,90020
101262,10,1262,SAN PABLO CUATRO VENADOS,,90020
101263,10,1263,SAN PABLO ETLA,,90020
101264,10,1264,SAN PABLO HUITZO ETLA,,90020
101265,10,1265,SAN PABLO HUIXTEPEC,,90020
101266,10,1266,SAN PABLO MACUILTIANGUIS,,90020
101267,10,1267,SAN PABLO TIJALTEPEC,,90020
101268,10,1268,SAN PABLO VILLA DE MITLA,,90020
101269,10,1269,SAN PABLO YAGANIZA,,90020
101270,10,1270,SAN PEDRO AMUZGOS,,90020
101271,10,1271,SAN PEDRO APOSTOL,,90020
101272,10,1272,SAN PEDRO ATOYAC,,90020
101273,10,1273,SAN PEDRO CAJONOS,,90020
101274,10,1274,SAN PEDRO CANTAROS COXCALTEPEC,,90020
101275,10,1275,SAN PEDRO COMITANCILLO,,90020
101276,10,1276,SAN PEDRO EL ALTO,,90020
101277,10,1277,SAN PEDRO HUAMELULA,,90020
101278,10,1278,SAN PEDRO HUILOTEPEC,,90020
101279,10,1279,SAN PEDRO IXCATLAN,,90020
101280,10,1280,SAN PEDRO IXTLAHUACA,,90020
101281,10,1281,SAN PEDRO JALTEPETONGO,,90020
101282,10,1282,SAN PEDRO JICAYAN,,90020
101283,10,1283,SAN PEDRO JOCOTIPAC,,90020
101284,10,1284,SAN PEDRO JUCHATENGO,,90020
101285,10,1285,SAN PEDRO MARTIR,,90020
101286,10,1286,SAN PEDRO MARTIR QUIECHAPA,,90020
101287,10,1287,SAN PEDRO MARTIR YACUXACO,,90020
101288,10,1288,SAN PEDRO MIXTEPEC JUQUILA,,90020
101289,10,1289,SAN PEDRO MIXTEPEC,,90020
101290,10,1290,SAN PEDRO MOLINOS,,90020
101291,10,1291,SAN PEDRO NOPALA,,90020
101292,10,1292,SAN PEDRO OCOPETATILLO,,90020
101293,10,1293,SAN PEDRO OCOTEPEC,,90020
101294,10,1294,SAN PEDRO POCHUTLA,,90020
101295,10,1295,SAN PEDRO QUIATONI,,90020
101296,10,1296,SAN PEDRO SOCHIAPAM,,90020
101297,10,1297,SAN PEDRO TAPANATEPEC,,90020
101298,10,1298,SAN PEDRO TAVICHE,,90020
101299,10,1299,SAN PEDRO TEOZACOALCO,,90020
101300,10,1300,SAN PEDRO TEUTILA,,90020
101301,10,1301,SAN PEDRO TIDAA,,90020
101302,10,1302,SAN PEDRO TOPILTEPEC,,90020
101303,10,1303,SAN PEDRO TOTOLAPA,,90020
101304,10,1304,SAN PEDRO TULTEPEC,,90020
101305,10,1305,SAN PEDRO YANERI,,90020
101306,10,1306,SAN PEDRO YOLOX,,90020
101307,10,1307,SAN PEDRO Y SAN PABLO AYUTLA,,90020
101308,10,1308,VILLA DE ETLA,,90020
101309,10,1309,SAN PEDRO Y SAN PABLO TEPOSCOLULA,,90020
101310,10,1310,SAN PEDRO Y SAN PABLO TEQUIXTEPEC,,90020
101311,10,1311,SAN PEDRO YUCUNAMA,,90020
101312,10,1312,SAN RAYMUNDO JALPAN,,90020
101313,10,1313,SAN SEBASTIAN ABASOLO,,90020
101314,10,1314,SAN SEBASTIAN COATLAN,,90020
101315,10,1315,SAN SEBASTIAN IXCAPA,,90020
101316,10,1316,SAN SEBASTIAN NICANANDUTA,,90020
101317,10,1317,SAN SEBASTIAN RIO HONDO,,90020
101318,10,1318,SAN SEBASTIAN TECOMAXTLAHUACA,,90020
101319,10,1319,SAN SEBASTIAN TEITIPAC,,90020
101320,10,1320,SAN SEBASTIAN TUTLA,,90020
101321,10,1321,SAN SIMON ALMOLONGAS,,90020
101322,10,1322,SAN SIMON ZAHUATLAN,,90020
101323,10,1323,SANTA ANA,,90020
101324,10,1324,SANTA ANA ATEIXTLAHUACA,,90020
101325,10,1325,SANTA ANA CUAUHTEMOC,,90020
101326,10,1326,SANTA ANA DEL VALLE,,90020
101327,10,1327,SANTA ANA TAVELA,,90020
101328,10,1328,SANTA ANA TLAPACOYAN,,90020
101329,10,1329,SANTA ANA YARENI,,90020
101330,10,1330,SANTA ANA ZEGACHE,,90020
101331,10,1331,SANTA CATALINA QUIERI,,90020
101332,10,1332,SANTA CATARINA CUIXTLA,,90020
101333,10,1333,SANTA CATARINA IXTEPEJI,,90020
101334,10,1334,SANTA CATARINA JUQUILA,,90020
101335,10,1335,SANTA CATARINA LECHATAO,,90020
101336,10,1336,SANTA CATARINA LOXICHA,,90020
101337,10,1337,SANTA CATARINA MECHOACAN,,90020
101338,10,1338,SANTA CATARINA MINAS,,90020
101339,10,1339,SANTA CATARINA QUIANE,,90020
101340,10,1340,SANTA CATARINA TAYATA,,90020
101341,10,1341,SANTA CATARINA TICUA,,90020
101342,10,1342,SANTA CATARINA YOSONOTU,,90020
101343,10,1343,SANTA CATARINA ZAPOQUILA,,90020
101344,10,1344,SANTA CRUZ ACATEPEC,,90020
101345,10,1345,SANTA CRUZ AMILPAS,,90020
101346,10,1346,SANTA CRUZ DE BRAVO,,90020
101347,10,1347,SANTA CRUZ ITUNDUJIA,,90020
101348,10,1348,SANTA CRUZ MIXTEPEC,,90020
101349,10,1349,SANTA CRUZ NUNDACO,,90020
101350,10,1350,SANTA CRUZ PAPALUTIA,,90020
101351,10,1351,SANTA CRUZ TACACHE DE MINA,,90020
101352,10,1352,SANTA CRUZ TACAHUA,,90020
101353,10,1353,SANTA CRUZ TAYATA,,90020
101354,10,1354,SANTA CRUZ XITLA,,90020
101355,10,1355,SANTA CRUZ XOXOCOTLAN,,90020
101356,10,1356,SANTA CRUZ ZENZONTEPEC,,90020
101357,10,1357,SANTA GERTRUDIS,,90020
101358,10,1358,SANTA INES DEL MONTE,,90020
101359,10,1359,SANTA INES YATZECHE,,90020
101360,10,1360,SANTA LUCIA DEL CAMINO,,90020
101361,10,1361,SANTA LUCIA MIHUATLAN,,90020
101362,10,1362,SANTA LUCIA MONTE VERDE,,90020
101363,10,1363,SANTA LUCIA OCOTLAN,,90020
101364,10,1364,SANTA MARIA ALOTEPEC,,90020
101365,10,1365,SANTA MARIA APAZCO,,90020
101366,10,1366,SANTA MARIA LA ASUNCION,,90020
101367,10,1367,HEROICA CIUDAD DE TLAXIACO,,90020
101368,10,1368,AYOQUESCO DE ALDAMA,,90020
101369,10,1369,SANTA MARIA ATZOMPA,,90020
101370,10,1370,SANTA MARIA COMATLAN,,90020
101371,10,1371,SANTA MARIA COLOTEPEC,,90020
101372,10,1372,SANTA MARIA CORTIJO,,90020
101373,10,1373,SANTA MARIA COYOTEPEC,,90020
101374,10,1374,SANTA MARIA CHACHOAPAN,,90020
101375,10,1375,SANTA MARIA CHILAPA DE DIAZ,,90020
101376,10,1376,SANTA MARIA CHILCHOTLA,,90020
101377,10,1377,SANTA MARIA CHIMALAPA,,90020
101378,10,1378,SANTA MARIA DEL ROSARIO,,90020
101379,10,1379,SANTA MARIA DEL TULE,,90020
101380,10,1380,SANTA MARIA ECATEPEC,,90020
101381,10,1381,SANTA MARIA GUELACE,,90020
101382,10,1382,SANTA MARIA GUIENAGATI,,90020
101383,10,1383,SANTA MARIA HUATULCO,,90020
101384,10,1384,SANTA MARIA HUAZOLOTITLAN,,90020
101385,10,1385,SANTA MARIA IPALAPA,,90020
101386,10,1386,SANTA MARIA IXCATLAN,,90020
101387,10,1387,SANTA MARIA JACATEPEC,,90020
101388,10,1388,SANTA MARIA JALAPA DEL MARQUES,,90020
101389,10,1389,SANTA MARIA JALTIANGUIS,,90020
101390,10,1390,SANTA MARIA LACHIXIO,,90020
101391,10,1391,SANTA MARIA MIXTEQUILLA,,90020
101392,10,1392,SANTA MARIA NATIVITAS,,90020
101393,10,1393,SANTA MARIA NDUAYACO,,90020
101394,10,1394,SANTA MARIA OZOLTEPEC,,90020
101395,10,1395,SANTA MARIA PAPALO,,90020
101396,10,1396,SANTA MARIA PE벮LES,,90020
101397,10,1397,SANTA MARIA PETAPA,,90020
101398,10,1398,SANTA MARIA QUIEGOLANI,,90020
101399,10,1399,BUENA VISTA TEPANTEPEC,,90020
101400,10,1400,SANTA MARIA TATALTEPEC,,90020
101401,10,1401,SANTA MARIA TECOMOVACA,,90020
101402,10,1402,SANTA MARIA TEMAXCALAPA,,90020
101403,10,1403,SANTA MARIA TEMAXCALTEPEC,,90020
101404,10,1404,SANTA MARIA TEOPOXCO,,90020
101405,10,1405,SANTA MARIA TEPANTLALI,,90020
101406,10,1406,SANTA MARIA TEXCATITLAN,,90020
101407,10,1407,SANTA MARIA TLAHUITOLTEPEC,,90020
101408,10,1408,SANTA MARIA TLALIXTAC,,90020
101409,10,1409,SANTA MARIA TONAMECA,,90020
101410,10,1410,SANTA MARIA TOTOLOPILLA,,90020
101411,10,1411,SANTA MARIA XADANI,,90020
101412,10,1412,SANTA MARIA YALINA,,90020
101413,10,1413,SANTA MARIA YAVESLA,,90020
101414,10,1414,SANTA MARIA YOLOTEPEC,,90020
101415,10,1415,SANTA MARIA YOSOYUA,,90020
101416,10,1416,SANTA MARIA YUCUHITE,,90020
101417,10,1417,SANTA MARIA ZACATEPEC,,90020
101418,10,1418,SANTA MARIA ZANIZA,,90020
101419,10,1419,SANTA MARIA ZOQUITLAN,,90020
101420,10,1420,SANTIAGO AMOLTEPEC,,90020
101421,10,1421,SANTIAGO APOALA,,90020
101422,10,1422,SANTIAGO APOSTOL,,90020
101423,10,1423,SANTIAGO ASTATA,,90020
101424,10,1424,SANTIAGO ATITLAN,,90020
101425,10,1425,SANTIAGO AYUQUILILLA,,90020
101426,10,1426,SANTIAGO CACALOXTEPEC,,90020
101427,10,1427,SANTIAGO CAMOTLAN,,90020
101428,10,1428,SANTIAGO COMALTEPEC,,90020
101429,10,1429,SANTIAGO CHAZUMBA,,90020
101430,10,1430,SANTIAGO CHOAPAM,,90020
101431,10,1431,SANTIAGO DEL RIO,,90020
101432,10,1432,SANTIAGO HUAJOLOTITLAN,,90020
101433,10,1433,SANTIAGO HUACLILLA,,90020
101434,10,1434,SANTIAGO IHUITLAN PLUMAS,,90020
101435,10,1435,SANTIAGO IXCUINTEPEC,,90020
101436,10,1436,SANTIAGO IXTAYUTLA,,90020
101437,10,1437,SANTIAGO JAMILTEPEC,,90020
101438,10,1438,SANTIAGO JOCOTEPEC,,90020
101439,10,1439,SANTIAGO JUXTLAHUACA,,90020
101440,10,1440,SANTIAGO LACHIGUIRI,,90020
101441,10,1441,SANTIAGO LALOPA,,90020
101442,10,1442,SANTIAGO LAOLLAGA,,90020
101443,10,1443,SANTIAGO LAXOPA,,90020
101444,10,1444,SANTIAGO LLANO GRANDE,,90020
101445,10,1445,SANTIAGO MATATLAN,,90020
101446,10,1446,SANTIAGO MILTEPEC,,90020
101447,10,1447,SANTIAGO MINAS DE VEGA,,90020
101448,10,1448,SANTIAGO NECALTEPEC,,90020
101449,10,1449,SANTIAGO NEJAPILLA,,90020
101450,10,1450,SANTIAGO NUNDICHE,,90020
101451,10,1451,SANTIAGO NUYOO,,90020
101452,10,1452,SANTIAGO PINOTEPA NACIONAL,,90020
101453,10,1453,SANTIAGO SUCHIQUILTONGO,,90020
101454,10,1454,SANTIAGO TAMAZOLA,,90020
101455,10,1455,SANTIAGO TAPEXTLA,,90020
101456,10,1456,VILLA TEJUPAM DE LA UNION,,90020
101457,10,1457,SANTIAGO TENAGO,,90020
101458,10,1458,SANTIAGO TEPETLAPA,,90020
101459,10,1459,SANTIAGO TETEPEC,,90020
101460,10,1460,SANTIAGO TEXCALCINGO,,90020
101461,10,1461,SANTIAGO TEXTITLAN,,90020
101462,10,1462,SANTIAGO TILANTONGO,,90020
101463,10,1463,SANTIAGO TILLO,,90020
101464,10,1464,SANTIAGO TLAZOYALTEPEC,,90020
101465,10,1465,SANTIAGO XANICA,,90020
101466,10,1466,SANTIAGO XIACUI,,90020
101467,10,1467,SANTIAGO YALTEPEC,,90020
101468,10,1468,SANTIAGO YAVEO,,90020
101469,10,1469,SANTIAGO YOLOMECATL,,90020
101470,10,1470,SANTIAGO YOSONDUA,,90020
101471,10,1471,SANTIAGO YUCUYACHI,,90020
101472,10,1472,SANTIAGO ZACATEPEC,,90020
101473,10,1473,SANTIAGO ZOOCHILA,,90020
101474,10,1474,NUEVO ZOQUIAPAM,,90020
101475,10,1475,SANTO DOMINGO INGENIO,,90020
101476,10,1476,SANTO DOMINGO ALBARRADAS,,90020
101477,10,1477,SANTO DOMINGO ARMENTA,,90020
101478,10,1478,SANTO DOMINGO CHIHUITAN,,90020
101479,10,1479,SANTO DOMINGO DE MORELOS,,90020
101480,10,1480,SANTO DOMINGO IXCATLAN,,90020
101481,10,1481,SANTO DOMINGO NUXAA,,90020
101482,10,1482,SANTO DOMINGO OZOLOTEPEC,,90020
101483,10,1483,SANTO DOMINGO PETAPA,,90020
101484,10,1484,SANTO DOMINGO ROAYAGA,,90020
101485,10,1485,SANTO DOMINGO TEHUANTEPEC,,90020
101486,10,1486,SANTO DOMINGO TEOJOMULCO,,90020
101487,10,1487,SANTO DOMINGO TEPUXTEPEC,,90020
101488,10,1488,SANTO DOMINGO TLATAYAPAM,,90020
101489,10,1489,SANTO DOMINGO TOMALTEPEC,,90020
101490,10,1490,SANTO DOMINGO TONALA,,90020
101491,10,1491,SANTO DOMINGO TONALTEPEC,,90020
101492,10,1492,SANTO DOMINGO XAGACIA,,90020
101493,10,1493,SANTO DOMINGO YANHUITLAN,,90020
101494,10,1494,SANTO DOMINGO YODOHINO,,90020
101495,10,1495,SANTO DOMINGO ZANATEPEC,,90020
101496,10,1496,SANTOS REYES NOPALA,,90020
101497,10,1497,SANTOS REYES PAPALO,,90020
101498,10,1498,SANTOS REYES TEPEJILLO,,90020
101499,10,1499,SANTOS REYES YUCUNA,,90020
101500,10,1500,SANTO TOMAS JALIEZA,,90020
101501,10,1501,SANTO TOMAS MAZALTEPEC,,90020
101502,10,1502,SANTO TOMAS OCOTEPEC,,90020
101503,10,1503,SANTO TOMAS TAMAZULAPAM,,90020
101504,10,1504,SAN VICENTE COATLAN,,90020
101505,10,1505,SAN VICENTE LACHIXIO,,90020
101506,10,1506,SAN VICENTE NU벳,,90020
101507,10,1507,SILACAYOAPAM,,90020
101508,10,1508,SITIO DE XITLAPEHUA,,90020
101509,10,1509,SOLEDAD ETLA,,90020
101510,10,1510,VILLA DE TAMAZULAPAM DEL PROGRESO,,90020
101511,10,1511,TANETZE DE ZARAGOZA,,90020
101512,10,1512,TANICHE,,90020
101513,10,1513,TATALTEPEC DE VALDES,,90020
101514,10,1514,TEOCOCUILCO DE MARCOS PEREZ,,90020
101515,10,1515,TEOTITLAN DE FLORES MAGON,,90020
101516,10,1516,TEOTITLAN DEL VALLE,,90020
101517,10,1517,TEOTONGO,,90020
101518,10,1518,TEPELMEME VILLA DE MORELOS,,90020
101519,10,1519,TEZOATLAN DE SEGURA Y LUNA,,90020
101520,10,1520,SAN JERONIMO TLACOCHAHUAYA,,90020
101521,10,1521,TLACOLULA DE MATAMOROS,,90020
101522,10,1522,TLACOTEPEC PLUMAS,,90020
101523,10,1523,TLALIXTAC DE CABRERA,,90020
101524,10,1524,TOTONTEPEC VILLA DE MORELOS,,90020
101525,10,1525,TRINIDAD ZAACHILA,,90020
101526,10,1526,"TRINIDAD VISTA HERMOSA, LA",,90020
101527,10,1527,UNION HIDALGO,,90020
101528,10,1528,VALERIO TRUJANO,,90020
101529,10,1529,SAN JUAN BAUTISTA VALLE NACIONAL,,90020
101530,10,1530,VILLA DIAZ ORDAZ,,90020
101531,10,1531,YAXE,,90020
101532,10,1532,MAGDALENA YODOCONO DE PORFIRIO DIAZ,,90020
101533,10,1533,YOGANA,,90020
101534,10,1534,YUTANDUCHI DE GUERRERO,,90020
101535,10,1535,VILLA DE ZAACHILA,,90020
101536,10,1536,ZAPOTITLAN DEL RIO,,90020
101537,10,1537,ZAPOTITLAN LAGUNAS,,90020
101538,10,1538,ZAPOTITLAN PALMAS,,90020
101539,10,1539,SANTA INES DE ZARAGOZA,,90020
101540,10,1540,ZIMATLAN DE ALVAREZ,,90020
101541,10,1541,ACAJETE,,90021
101542,10,1542,ACATENO,,90021
101543,10,1543,ACATLAN,,90021
101544,10,1544,ACATZINGO,,90021
101545,10,1545,ACTEOPAN,,90021
101546,10,1546,AHUACATLAN,,90021
101547,10,1547,AHUATLAN,,90021
101548,10,1548,AHUAZOTEPEC,,90021
101549,10,1549,AHUEHUETITLA,,90021
101550,10,1550,AJALPAN,,90021
101551,10,1551,ALBINO ZETRUCHE,,90021
101552,10,1552,ALJOJUCA,,90021
101553,10,1553,ALTEPEXI,,90021
101554,10,1554,AMIXTLAN,,90021
101555,10,1555,AMOZOC,,90021
101556,10,1556,AQUIXTLA,,90021
101557,10,1557,ATEMPAN,,90021
101558,10,1558,ATEXCAL,,90021
101559,10,1559,ATLIXCO,,90021
101560,10,1560,ATOYATEMPAN,,90021
101561,10,1561,ATZALA,,90021
101562,10,1562,ATZIZIHUACAN,,90021
101563,10,1563,ATZITZINTLA,,90021
101564,10,1564,AXUTLA,,90021
101565,10,1565,AYOTOXCO DE GUERRERO,,90021
101566,10,1566,CALPAN,,90021
101567,10,1567,CALTEPEC,,90021
101568,10,1568,CAMOCUAUTLA,,90021
101569,10,1569,CAXHUACAN,,90021
101570,10,1570,COATEPEC,,90021
101571,10,1571,COATZINGO,,90021
101572,10,1572,COHETZALA,,90021
101573,10,1573,COHUECAN,,90021
101574,10,1574,CORONANGO,,90021
101575,10,1575,COXCATLAN,,90021
101576,10,1576,COYOMEAPAN,,90021
101577,10,1577,COYOTEPEC,,90021
101578,10,1578,CUAPIAXTLA DE MADERO,,90021
101579,10,1579,CUAUTEMPAN,,90021
101580,10,1580,CUAUTINCHAN,,90021
101581,10,1581,CUAUTLANCINGO,,90021
101582,10,1582,CUAYUCA DE ANDRADE,,90021
101583,10,1583,CUETZALAN DEL PROGRESO,,90021
101584,10,1584,CUYOACO,,90021
101585,10,1585,CHALCHICOMULA DE SEMA,,90021
101586,10,1586,CHAPULCO,,90021
101587,10,1587,CHIAUTLA,,90021
101588,10,1588,CHIAUTZINGO,,90021
101589,10,1589,CHICONCUAUTLA,,90021
101590,10,1590,CHICHIQUILA,,90021
101591,10,1591,CHIETLA,,90021
101592,10,1592,CHIGMECATITLAN,,90021
101593,10,1593,CHIGNAHUAPAN,,90021
101594,10,1594,CHIGNAUTLA,,90021
101595,10,1595,CHILA,,90021
101596,10,1596,CHILA DE LA SAL,,90021
101597,10,1597,CHILA HONEY,,90021
101598,10,1598,CHILCHOTLA,,90021
101599,10,1599,CHINANTLA,,90021
101600,10,1600,DOMINGO ARENAS,,90021
101601,10,1601,ELOXOCHITLAN,,90021
101602,10,1602,EPATLAN,,90021
101603,10,1603,ESPERANZA,,90021
101604,10,1604,FRANCISCO Z. MENA,,90021
101605,10,1605,GENERAL FELIPE ANGELES,,90021
101606,10,1606,GUADALUPE,,90021
101607,10,1607,GUADALUPE VICTORIA,,90021
101608,10,1608,HERMENEGILDO GALEANA,,90021
101609,10,1609,HUAQUECHULA,,90021
101610,10,1610,HUATLATLAUCA,,90021
101611,10,1611,HUAUCHINANGO,,90021
101612,10,1612,HUEHUETLA,,90021
101613,10,1613,HUEHUETLAN EL CHICO,,90021
101614,10,1614,HUEJOTZINGO,,90021
101615,10,1615,HUEYAPAN,,90021
101616,10,1616,HUEYTAMALCO,,90021
101617,10,1617,HUEYTLALPAN,,90021
101618,10,1618,HUITZILAN DE SERDAN,,90021
101619,10,1619,HUITZILTEPEC,,90021
101620,10,1620,IGNACIO ALLENDE,,90021
101621,10,1621,IXCAMILPA DE GUERRERO,,90021
101622,10,1622,IXCAQUIXTLA,,90021
101623,10,1623,IXTACAMAXTITLAN,,90021
101624,10,1624,IXTEPEC,,90021
101625,10,1625,IZUCAR DE MATAMOROS,,90021
101626,10,1626,JALPAN,,90021
101627,10,1627,JOLALPAN,,90021
101628,10,1628,JONOTLA,,90021
101629,10,1629,JOPALA,,90021
101630,10,1630,JUAN C. BONILLA,,90021
101631,10,1631,JUAN GALINDO,,90021
101632,10,1632,JUAN N. MENDEZ,,90021
101633,10,1633,LAFRAGUA,,90021
101634,10,1634,LIBRES,,90021
101635,10,1635,"MAGDALENA TLATLAUQUITEPEC, LA",,90021
101636,10,1636,MAZAPILTEPEC DE JUAREZ,,90021
101637,10,1637,MIXTLA,,90021
101638,10,1638,MOLCAXAC,,90021
101639,10,1639,CA베DA MORELOS,,90021
101640,10,1640,NAUPAN,,90021
101641,10,1641,NAUZONTLA,,90021
101642,10,1642,NEALTICAN,,90021
101643,10,1643,NICOLAS BRAVO,,90021
101644,10,1644,NOPALUCAN,,90021
101645,10,1645,OCOTEPEC,,90021
101646,10,1646,OCOYUCAN,,90021
101647,10,1647,OLINTLA,,90021
101648,10,1648,ORIENTAL,,90021
101649,10,1649,PAHUATLAN,,90021
101650,10,1650,PALMAR DE BRAVO,,90021
101651,10,1651,PANTEPEC,,90021
101652,10,1652,PETLALCINGO,,90021
101653,10,1653,PIAXTLA,,90021
101654,10,1654,PUEBLA,,90021
101655,10,1655,QUECHOLAC,,90021
101656,10,1656,QUIMIXTLAN,,90021
101657,10,1657,RAFAEL LARA GRAJALES,,90021
101658,10,1658,"REYES DE JUAREZ, LOS",,90021
101659,10,1659,SAN ANDRES CHOLULA,,90021
101660,10,1660,SAN ANTONIO CA베DA,,90021
101661,10,1661,SAN DIEGO LA MESA TOCHIMILTZINGO,,90021
101662,10,1662,SAN FELIPE TEOTLALCINGO,,90021
101663,10,1663,SAN FELIPE TEPATLAN,,90021
101664,10,1664,SAN GABRIEL CHILAC,,90021
101665,10,1665,SAN GREGORIO ATZOMPA,,90021
101666,10,1666,SAN JERONIMO TECUANIPAN,,90021
101667,10,1667,SAN JERONIMO XAYACATLAN,,90021
101668,10,1668,SAN JOSE CHIAPA,,90021
101669,10,1669,SAN JOSE MIAHUATLAN,,90021
101670,10,1670,SAN JUAN ATENCO,,90021
101671,10,1671,SAN JUAN ATZOMPA,,90021
101672,10,1672,SAN MARTIN TEXMELUCAN,,90021
101673,10,1673,SAN MARTIN TOTOLTEPEC,,90021
101674,10,1674,SAN MATIAS TLALANCALECA,,90021
101675,10,1675,SAN MIGUEL IXITLAN,,90021
101676,10,1676,SAN MIGUEL XOXTLA,,90021
101677,10,1677,SAN NICOLAS BUENOS AIRES,,90021
101678,10,1678,SAN NICOLAS DE LOS RANCHOS,,90021
101679,10,1679,SAN PEDRO AMICANO,,90021
101680,10,1680,SAN PEDRO CHOLULA,,90021
101681,10,1681,SAN PEDRO YELOIXTLAHUACA,,90021
101682,10,1682,SAN SALVADOR EL SECO,,90021
101683,10,1683,SAN SALVADOR EL VERDE,,90021
101684,10,1684,SAN SALVADOR HUIXCOLOTLA,,90021
101685,10,1685,SAN SEBASTIAN TLACOTEPEC,,90021
101686,10,1686,SANTA CATARINA TLALTEMPAN,,90021
101687,10,1687,SANTA INES AHUATEMPAN,,90021
101688,10,1688,SANTA ISABEL CHOLULA,,90021
101689,10,1689,SANTIAGO MIAHUATLAN,,90021
101690,10,1690,HUEHUETLAN EL GRANDE,,90021
101691,10,1691,SANTO TOMAS HUEYOTLIPAN,,90021
101692,10,1692,SOLTEPEC,,90021
101693,10,1693,TECALI DE HERRERA,,90021
101694,10,1694,TECAMACHALCO,,90021
101695,10,1695,TECOMATLAN,,90021
101696,10,1696,TEHUACAN,,90021
101697,10,1697,TEHUITZINGO,,90021
101698,10,1698,TENAMPULCO,,90021
101699,10,1699,TEOPANTLAN,,90021
101700,10,1700,TEOTLALCO,,90021
101701,10,1701,TEPANCO DE LOPEZ,,90021
101702,10,1702,TEPANGO DE RODRIGUEZ,,90021
101703,10,1703,TEPATLAXCO DE HIDALGO,,90021
101704,10,1704,TEPEACA,,90021
101705,10,1705,TEPEMAXALCO,,90021
101706,10,1706,TEPEOJUMA,,90021
101707,10,1707,TEPETZINTLA,,90021
101708,10,1708,TEPEXCO,,90021
101709,10,1709,TEPEXI DE RODRIGUEZ,,90021
101710,10,1710,TEPEYAHUALCO,,90021
101711,10,1711,TEPEYAHUALCO DE CUAUHTEMOC,,90021
101712,10,1712,TETELA DE OCAMPO,,90021
101713,10,1713,TETELES DE AVILA CAMACHO,,90021
101714,10,1714,TEZIUTLAN,,90021
101715,10,1715,TIANGUISMANALCO,,90021
101716,10,1716,TILAPA,,90021
101717,10,1717,TLACOTEPEC DE BENITO JUAREZ,,90021
101718,10,1718,TLACUILOTEPEC,,90021
101719,10,1719,TLACHICHUCA,,90021
101720,10,1720,TLAHUAPAN,,90021
101721,10,1721,TLALTENANGO,,90021
101722,10,1722,TLANEPANTLA,,90021
101723,10,1723,TLAOLA,,90021
101724,10,1724,TLAPACOYA,,90021
101725,10,1725,TLAPANALA,,90021
101726,10,1726,TLATLAUQUITEPEC,,90021
101727,10,1727,TLAXCO,,90021
101728,10,1728,TOCHIMILCO,,90021
101729,10,1729,TOCHTEPEC,,90021
101730,10,1730,TOTOLTEPEC DE GUERRERO,,90021
101731,10,1731,TULCINGO,,90021
101732,10,1732,TUZAMAPAN DE GALEANA,,90021
101733,10,1733,TZICATLACOYAN,,90021
101734,10,1734,VENUSTIANO CARRANZA,,90021
101735,10,1735,VICENTE GUERRERO,,90021
101736,10,1736,XAYACATLAN DE BRAVO,,90021
101737,10,1737,XICOTEPEC,,90021
101738,10,1738,XICOTLAN,,90021
101739,10,1739,XIUTETELCO,,90021
101740,10,1740,XOCHIAPULCO,,90021
101741,10,1741,XOCHILTEPEC,,90021
101742,10,1742,XOCHITLAN DE VICENTE SUAREZ,,90021
101743,10,1743,XOCHITLAN TODOS SANTOS,,90021
101744,10,1744,YAONAHUAC,,90021
101745,10,1745,YEHUALTEPEC,,90021
101746,10,1746,ZACAPALA,,90021
101747,10,1747,ZACAPOAXTLA,,90021
101748,10,1748,ZACATLAN,,90021
101749,10,1749,ZAPOTITLAN,,90021
101750,10,1750,ZAPOTITLAN DE MENDEZ,,90021
101751,10,1751,ZARAGOZA,,90021
101752,10,1752,ZAUTLA,,90021
101753,10,1753,ZIHUATEUTLA,,90021
101754,10,1754,ZINACATEPEC,,90021
101755,10,1755,ZONGOZOTLA,,90021
101756,10,1756,ZOQUIAPAN,,90021
101757,10,1757,ZOQUITLAN,,90021
101758,10,1758,AMEALCO DE BONFIL,,90022
101759,10,1759,PINAL DE AMOLES,,90022
101760,10,1760,ARROYO SECO,,90022
101761,10,1761,CADEREYTA DE MONTES,,90022
101762,10,1762,COLON,,90022
101763,10,1763,CORREGIDORA,,90022
101764,10,1764,EZEQUIEL MONTES,,90022
101765,10,1765,HUIMILPAN,,90022
101766,10,1766,JALPAN DE SERRA,,90022
101767,10,1767,LANDA DE MATAMOROS,,90022
101768,10,1768,EL MARQUES,,90022
101769,10,1769,PEDRO ESCOBEDO,,90022
101770,10,1770,PE베MILLER,,90022
101771,10,1771,QUERETARO,,90022
101772,10,1772,SAN JOAQUIN,,90022
101773,10,1773,SAN JUAN DEL RIO,,90022
101774,10,1774,TEQUISQUIAPAN,,90022
101775,10,1775,TOLIMAN,,90022
101776,10,1776,COZUMEL,,90023
101777,10,1777,FELIPE CARRILLO PUERTO,,90023
101778,10,1778,ISLA MUJERES,,90023
101779,10,1779,OTHON  POMPEYO  BLANCO,,90023
101780,10,1780,BENITO JUAREZ,,90023
101781,10,1781,JOSE MARIA MORELOS,,90023
101782,10,1782,LAZARO CARDENAS,,90023
101783,10,1783,AHUALULCO,,90024
101784,10,1784,ALAQUINES,,90024
101785,10,1785,AQUISMON,,90024
101786,10,1786,ARMADILLO DE LOS INFANTE,,90024
101787,10,1787,CARDENAS,,90024
101788,10,1788,CATORCE,,90024
101789,10,1789,CEDRAL,,90024
101790,10,1790,CERRITOS,,90024
101791,10,1791,CERRO DE SAN PEDRO,,90024
101792,10,1792,CIUDAD DEL MAIZ,,90024
101793,10,1793,CIUDAD FERNANDEZ,,90024
101794,10,1794,TANCANHUITZ DE SANTOS,,90024
101795,10,1795,CIUDAD VALLES,,90024
101796,10,1796,COXCATLAN,,90024
101797,10,1797,CHARCAS,,90024
101798,10,1798,EBANO,,90024
101799,10,1799,GUADALCAZAR,,90024
101800,10,1800,HUEHUETLAN,,90024
101801,10,1801,LAGUNILLAS,,90024
101802,10,1802,MATEHUALA,,90024
101803,10,1803,MEXQUITIC DE CARMONA,,90024
101804,10,1804,MOCTEZUMA,,90024
101805,10,1805,RAYON,,90024
101806,10,1806,RIO VERDE,,90024
101807,10,1807,SALINAS,,90024
101808,10,1808,SAN ANTONIO,,90024
101809,10,1809,SAN CIRO DE ACOSTA,,90024
101810,10,1810,SAN LUIS POTOSI,,90024
101811,10,1811,SAN MARTIN CHALCHICUAUTLA,,90024
101812,10,1812,SAN NICOLAS TOLENTINO,,90024
101813,10,1813,SANTA CATARINA,,90024
101814,10,1814,SANTA MARIA DEL RIO,,90024
101815,10,1815,SANTO DOMINGO,,90024
101816,10,1816,SAN VICENTE TANCUAYALAB,,90024
101817,10,1817,SOLEDAD DE GRACIANO SANCHEZ,,90024
101818,10,1818,TAMASOPO,,90024
101819,10,1819,TAMAZUNCHALE,,90024
101820,10,1820,TAMPACAN,,90024
101821,10,1821,TAMPAMOLON CORONA,,90024
101822,10,1822,TAMUIN,,90024
101823,10,1823,TANLAJAS,,90024
101824,10,1824,TANQUIAN DE ESCOBEDO,,90024
101825,10,1825,TIERRANUEVA,,90024
101826,10,1826,VANEGAS,,90024
101827,10,1827,VENADO,,90024
101828,10,1828,VILLA DE ARRIAGA,,90024
101829,10,1829,VILLA DE GUADALUPE,,90024
101830,10,1830,VILLA DE LA PAZ,,90024
101831,10,1831,VILLA DE RAMOS,,90024
101832,10,1832,VILLA DE REYES,,90024
101833,10,1833,VILLA HIDALGO,,90024
101834,10,1834,VILLA JUAREZ,,90024
101835,10,1835,AXTLA DE TERRAZAS,,90024
101836,10,1836,XILITLA,,90024
101837,10,1837,ZARAGOZA,,90024
101838,10,1838,VILLA DE ARISTA,,90024
101839,10,1839,AHOME,,90025
101840,10,1840,BADIRAGUATO,,90025
101841,10,1841,CONCORDIA,,90025
101842,10,1842,COSALA,,90025
101843,10,1843,CULIACAN,,90025
101844,10,1844,ELOTA,,90025
101845,10,1845,ESCUINAPA,,90025
101846,10,1846,"FUERTE, EL",,90025
101847,10,1847,GUASAVE,,90025
101848,10,1848,MAZATLAN,,90025
101849,10,1849,MOCORITO,,90025
101850,10,1850,ROSARIO,,90025
101851,10,1851,SALVADOR ALVARADO,,90025
101852,10,1852,SAN IGNACIO,,90025
101853,10,1853,SINALOA,,90025
101854,10,1854,NAVOLATO,,90025
101855,10,1855,ACONCHI,,90026
101856,10,1856,AGUA PRIETA,,90026
101857,10,1857,ALAMOS,,90026
101858,10,1858,ALTAR,,90026
101859,10,1859,ARIVECHI,,90026
101860,10,1860,ARIZPE,,90026
101861,10,1861,ATIL,,90026
101862,10,1862,BACADEHUACHI,,90026
101863,10,1863,BACANORA,,90026
101864,10,1864,BACERAC,,90026
101865,10,1865,BACOACHI,,90026
101866,10,1866,BACUM,,90026
101867,10,1867,BANAMICHI,,90026
101868,10,1868,BAVIACORA,,90026
101869,10,1869,BAVISPE,,90026
101870,10,1870,BENJAMIN HILL,,90026
101871,10,1871,CABORCA,,90026
101872,10,1872,CAJEME,,90026
101873,10,1873,CANANEA,,90026
101874,10,1874,CARBO,,90026
101875,10,1875,LA COLORADA,,90026
101876,10,1876,CUCURPE,,90026
101877,10,1877,CUMPAS,,90026
101878,10,1878,DIVISADEROS,,90026
101879,10,1879,EMPALME,,90026
101880,10,1880,ETCHOJOA,,90026
101881,10,1881,FRONTERAS,,90026
101882,10,1882,GRANADOS,,90026
101883,10,1883,GUAYMAS,,90026
101884,10,1884,HERMOSILLO,,90026
101885,10,1885,HUACHINERA,,90026
101886,10,1886,HUASABAS,,90026
101887,10,1887,HUATABAMPO,,90026
101888,10,1888,HUEPAC,,90026
101889,10,1889,IMURIS,,90026
101890,10,1890,MAGDALENA,,90026
101891,10,1891,MAZATAN,,90026
101892,10,1892,MOCTEZUMA,,90026
101893,10,1893,NACO,,90026
101894,10,1894,NACORI CHICO,,90026
101895,10,1895,NACOZARI DE GARCIA,,90026
101896,10,1896,NAVOJOA,,90026
101897,10,1897,NOGALES,,90026
101898,10,1898,ONAVAS,,90026
101899,10,1899,OPODEPE,,90026
101900,10,1900,OQUITOA,,90026
101901,10,1901,PITIQUITO,,90026
101902,10,1902,PUERTO PE베SCO,,90026
101903,10,1903,QUIRIEGO,,90026
101904,10,1904,RAYON,,90026
101905,10,1905,ROSARIO,,90026
101906,10,1906,SAHUARIPA,,90026
101907,10,1907,SAN FELIPE DE JESUS,,90026
101908,10,1908,SAN JAVIER,,90026
101909,10,1909,SAN LUIS RIO COLORADO,,90026
101910,10,1910,SAN MIGUEL DE HORCASITAS,,90026
101911,10,1911,SAN PEDRO DE LA CUEVA,,90026
101912,10,1912,SANTA ANA,,90026
101913,10,1913,SANTA CRUZ,,90026
101914,10,1914,SARIC,,90026
101915,10,1915,SOYOPA,,90026
101916,10,1916,SUAQUI GRANDE,,90026
101917,10,1917,TEPACHE,,90026
101918,10,1918,TRINCHERAS,,90026
101919,10,1919,TUBUTAMA,,90026
101920,10,1920,URES,,90026
101921,10,1921,VILLA HIDALGO,,90026
101922,10,1922,VILLA PESQUEIRA,,90026
101923,10,1923,YECORA,,90026
101924,10,1924,GENERAL PLUTARCO ELIAS CALLES,,90026
101925,10,1925,BALANCAN,,90027
101926,10,1926,CARDENAS,,90027
101927,10,1927,CENTLA,,90027
101928,10,1928,CENTRO,,90027
101929,10,1929,COMALCALCO,,90027
101930,10,1930,CUNDUACAN,,90027
101931,10,1931,EMILIANO ZAPATA,,90027
101932,10,1932,HUIMANGUILLO,,90027
101933,10,1933,JALAPA,,90027
101934,10,1934,JALPA DE MENDEZ,,90027
101935,10,1935,JONUTA,,90027
101936,10,1936,MACUSPANA,,90027
101937,10,1937,NACAJUCA,,90027
101938,10,1938,PARAISO,,90027
101939,10,1939,TACOTALPA,,90027
101940,10,1940,TEAPA,,90027
101941,10,1941,TENOSIQUE,,90027
101942,10,1942,ABASOLO,,90028
101943,10,1943,ALDAMA,,90028
101944,10,1944,ALTAMIRA,,90028
101945,10,1945,ANTIGUO MORELOS,,90028
101946,10,1946,BURGOS,,90028
101947,10,1947,BUSTAMANTE,,90028
101948,10,1948,CAMARGO,,90028
101949,10,1949,CASAS,,90028
101950,10,1950,CIUDAD MADERO,,90028
101951,10,1951,CRUILLAS,,90028
101952,10,1952,GOMEZ FARIAS,,90028
101953,10,1953,GONZALEZ,,90028
101954,10,1954,GUEMEZ,,90028
101955,10,1955,GUERRERO,,90028
101956,10,1956,GUSTAVO DIAZ ORDAZ,,90028
101957,10,1957,HIDALGO,,90028
101958,10,1958,JAUMAVE,,90028
101959,10,1959,JIMENEZ,,90028
101960,10,1960,LLERA,,90028
101961,10,1961,MAINERO,,90028
101962,10,1962,"MANTE, EL",,90028
101963,10,1963,MATAMOROS,,90028
101964,10,1964,MENDEZ,,90028
101965,10,1965,MIER,,90028
101966,10,1966,MIGUEL ALEMAN,,90028
101967,10,1967,MIQUIHUANA,,90028
101968,10,1968,NUEVO LAREDO,,90028
101969,10,1969,NUEVO MORELOS,,90028
101970,10,1970,OCAMPO,,90028
101971,10,1971,PADILLA,,90028
101972,10,1972,PALMILLAS,,90028
101973,10,1973,REYNOSA,,90028
101974,10,1974,RIO BRAVO,,90028
101975,10,1975,SAN CARLOS,,90028
101976,10,1976,SAN FERNANDO,,90028
101977,10,1977,SAN NICOLAS,,90028
101978,10,1978,SOTO LA MARINA,,90028
101979,10,1979,TAMPICO,,90028
101980,10,1980,TULA,,90028
101981,10,1981,VALLE HERMOSO,,90028
101982,10,1982,VICTORIA,,90028
101983,10,1983,VILLAGRAN,,90028
101984,10,1984,XICOTENCATL,,90028
101985,10,1985,AMAXAC DE GUERRERO,,90029
101986,10,1986,APETATITLAN DE ANTONIO CARVAJAL,,90029
101987,10,1987,ATLANGATEPEC,,90029
101988,10,1988,ALTZAYANCA,,90029
101989,10,1989,APIZACO,,90029
101990,10,1990,CALPULALPAN,,90029
101991,10,1991,"CARMEN TEQUEXQUITLA, EL",,90029
101992,10,1992,CUAPIAXTLA,,90029
101993,10,1993,COAXOMULCO,,90029
101994,10,1994,CHIAUTEMPAN,,90029
101995,10,1995,MU벮Z DE DOMINGO ARENAS,,90029
101996,10,1996,ESPA벨TA,,90029
101997,10,1997,HUAMANTLA,,90029
101998,10,1998,HUEYOTLIPAN,,90029
101999,10,1999,IXTACUIXTLA DE MARIANO MATAMOROS,,90029
102000,10,2000,IXTENCO,,90029
102001,10,2001,MAZATECOCHCO DE J. MA. MORELOS,,90029
102002,10,2002,CONTLA DE JUAN CUMATZI,,90029
102003,10,2003,TEPETITLA DE LARDIZABAL,,90029
102004,10,2004,SANCTORUM DE LAZARO CARDENAS,,90029
102005,10,2005,NACAMILPA DE MARIANO ARISTA,,90029
102006,10,2006,ACUAMANALA DE MIGUEL HIDALGO,,90029
102007,10,2007,NATIVITAS,,90029
102008,10,2008,PANOTLA,,90029
102009,10,2009,SAN PABLO DEL MONTE,,90029
102010,10,2010,SANTA CRUZ TLAXCALA,,90029
102011,10,2011,TENANCINGO,,90029
102012,10,2012,TEOLOCHOLCO,,90029
102013,10,2013,TEPEYANCO,,90029
102014,10,2014,TERRENATE,,90029
102015,10,2015,TETLA,,90029
102016,10,2016,TETLATLAHUACA,,90029
102017,10,2017,TLAXCALA,,90029
102018,10,2018,TLAXCO,,90029
102019,10,2019,TOCATLAN,,90029
102020,10,2020,TOTOLAC,,90029
102021,10,2021,ZITLALTEPEC DE T. SANCHEZ SANTOS,,90029
102022,10,2022,TZOMPANTEPEC,,90029
102023,10,2023,XALOZTOC,,90029
102024,10,2024,XALTOCAN,,90029
102025,10,2025,PAPALOTLA DE XICOHTENCATL,,90029
102026,10,2026,XICOTZINGO,,90029
102027,10,2027,YAUHQUEMEHCAN,,90029
102028,10,2028,ZACATELCO,,90029
102029,10,2029,ACAJETE,,90030
102030,10,2030,ACATLAN,,90030
102031,10,2031,ACAYUCAN,,90030
102032,10,2032,ATOCPAN,,90030
102033,10,2033,ACULA,,90030
102034,10,2034,ACULTZINGO,,90030
102035,10,2035,CAMARON DE TEJEDA,,90030
102036,10,2036,ALPATLAHUAC,,90030
102037,10,2037,ALTO LUCERO,,90030
102038,10,2038,ALTOTONGA,,90030
102039,10,2039,ALVARADO,,90030
102040,10,2040,AMATITLAN,,90030
102041,10,2041,AMATLAN TUXPAN,,90030
102042,10,2042,AMATLAN DE LOS REYES,,90030
102043,10,2043,ANGEL R. CABADA,,90030
102044,10,2044,ANTIGUA LA,,90030
102045,10,2045,APAZAPAN,,90030
102046,10,2046,AQUILA,,90030
102047,10,2047,ASTACINGA,,90030
102048,10,2048,ATLAHUILCO,,90030
102049,10,2049,ATOYAC,,90030
102050,10,2050,ATZACAN,,90030
102051,10,2051,ATZALAN,,90030
102052,10,2052,TLALTETELA,,90030
102053,10,2053,AYAHUALULCO,,90030
102054,10,2054,BANDERILLA,,90030
102055,10,2055,BENITO JUAREZ,,90030
102056,10,2056,BOCA DEL RIO,,90030
102057,10,2057,CALHUACALCO,,90030
102058,10,2058,CAMERINO Z. MENDOZA,,90030
102059,10,2059,CARRILLO PUERTO,,90030
102060,10,2060,CATEMACO,,90030
102061,10,2061,CAZONES DE HERRERA,,90030
102062,10,2062,CERRO AZUL,,90030
102063,10,2063,CITLALTEPEC,,90030
102064,10,2064,COACOATZINTLA,,90030
102065,10,2065,COAHUITLAN,,90030
102066,10,2066,COATEPEC,,90030
102067,10,2067,COATZACOALCOS,,90030
102068,10,2068,COATZINTLA,,90030
102069,10,2069,COATZALA,,90030
102070,10,2070,COLIPA,,90030
102071,10,2071,COMAPA,,90030
102072,10,2072,CORDOBA,,90030
102073,10,2073,COSAMALOAPAN,,90030
102074,10,2074,COSAUTLAN DE CARVAJAL,,90030
102075,10,2075,COSCOMATEPEC,,90030
102076,10,2076,COSOLEACAQUE,,90030
102077,10,2077,COTLAXTLA,,90030
102078,10,2078,COXQUIHUI,,90030
102079,10,2079,COYUTLA,,90030
102080,10,2080,CUICHAPA,,90030
102081,10,2081,CUITLAHUAC,,90030
102082,10,2082,CHACALTIANGUIS,,90030
102083,10,2083,CHALMA,,90030
102084,10,2084,CHICONAMEL,,90030
102085,10,2085,CHICONQUIACO,,90030
102086,10,2086,CHICONTEPEC,,90030
102087,10,2087,CHINAMECA,,90030
102088,10,2088,CHINAMPA DE GOROSTIZA,,90030
102089,10,2089,"CHOAPAS, LAS",,90030
102090,10,2090,CHOCAMAN,,90030
102091,10,2091,CHONTLA,,90030
102092,10,2092,CHUMATLAN,,90030
102093,10,2093,EMILIANO ZAPATA,,90030
102094,10,2094,ESPINAL,,90030
102095,10,2095,FILOMENO MATA,,90030
102096,10,2096,FORTIN,,90030
102097,10,2097,GUTIERREZ ZAMORA,,90030
102098,10,2098,HIDALGOTITLAN,,90030
102099,10,2099,HUATUSCO,,90030
102100,10,2100,HUAYACOCOTLA,,90030
102101,10,2101,HUEYAPAN DE OCAMPO,,90030
102102,10,2102,HUILCAPAN DE CUAUHTEMOC,,90030
102103,10,2103,IGNACIO DE LA LLAVE,,90030
102104,10,2104,ILAMATLAN,,90030
102105,10,2105,ISLA,,90030
102106,10,2106,IXCATEPEC,,90030
102107,10,2107,IXHUACAN DE LOS REYES,,90030
102108,10,2108,IXHUATLAN DEL CAFE,,90030
102109,10,2109,IXHUATLANCILLO,,90030
102110,10,2110,IXHUATLAN DEL SURESTE,,90030
102111,10,2111,IXHUATLAN DE MADERO,,90030
102112,10,2112,IXMATLAHUACAN,,90030
102113,10,2113,JALACINGO,,90030
102114,10,2114,XALAPA,,90030
102115,10,2115,JALCOMULCO,,90030
102116,10,2116,JALTIPAN,,90030
102117,10,2117,JAMAPA,,90030
102118,10,2118,JESUS CARRANZA,,90030
102119,10,2119,XICO,,90030
102120,10,2120,JILOTEPEC,,90030
102121,10,2121,JUAN RODRIGUEZ CLARA,,90030
102122,10,2122,JUCHIQUE DE FERRER,,90030
102123,10,2123,LANDERO Y COSS,,90030
102124,10,2124,LERDO DE TEJADA,,90030
102125,10,2125,MAGDALENA,,90030
102126,10,2126,MALTRATA,,90030
102127,10,2127,MANLIO FABIO ALTAMIRANO,,90030
102128,10,2128,MARIANO ESCOBEDO,,90030
102129,10,2129,MARTINEZ DE LA TORRE,,90030
102130,10,2130,MACATLAN,,90030
102131,10,2131,MECAYOAPAN,,90030
102132,10,2132,MEDELLIN,,90030
102133,10,2133,MIAHUATLAN,,90030
102134,10,2134,"MINAS, LAS",,90030
102135,10,2135,MINATITLAN,,90030
102136,10,2136,MISANTLA,,90030
102137,10,2137,MIXTLA DE ALTAMIRANO,,90030
102138,10,2138,MOLOACAN,,90030
102139,10,2139,NAOLINCO,,90030
102140,10,2140,NARANJAL,,90030
102141,10,2141,NAUTLA,,90030
102142,10,2142,NOGALES,,90030
102143,10,2143,OLUTA,,90030
102144,10,2144,OMEALCA,,90030
102145,10,2145,ORIZABA,,90030
102146,10,2146,OTATITLAN,,90030
102147,10,2147,OTEAPAN,,90030
102148,10,2148,OZULUAMA,,90030
102149,10,2149,PAJAPAN,,90030
102150,10,2150,PANUCO,,90030
102151,10,2151,PAPANTLA,,90030
102152,10,2152,PASO DEL MACHO,,90030
102153,10,2153,PASO DE OVEJAS,,90030
102154,10,2154,"PERLA, LA",,90030
102155,10,2155,PEROTE,,90030
102156,10,2156,PLATON SANCHEZ,,90030
102157,10,2157,PLAYA VICENTE,,90030
102158,10,2158,POZA RICA DE HIDALGO,,90030
102159,10,2159,"VIGAS DE RAMIREZ, LAS",,90030
102160,10,2160,PUEBLO VIEJO,,90030
102161,10,2161,PUENTE NACIONAL,,90030
102162,10,2162,RAFAEL DELGADO,,90030
102163,10,2163,RAFAEL LUCIO,,90030
102164,10,2164,"REYES, LOS",,90030
102165,10,2165,RIO BLANCO,,90030
102166,10,2166,SALTABARRANCA,,90030
102167,10,2167,SAN ANDRES TENEJAPAN,,90030
102168,10,2168,SAN ANDRES TUXTLA,,90030
102169,10,2169,SANTIAGO TUXTLA,,90030
102170,10,2170,SAYULA DE ALEMAN,,90030
102171,10,2171,SONOCUSCO,,90030
102172,10,2172,SOCHIAPA,,90030
102173,10,2173,SOLEDAD ATZOMPA,,90030
102174,10,2174,SOLEDAD DE DOBLADO,,90030
102175,10,2175,SOTEAPAN,,90030
102176,10,2176,TAMALIN,,90030
102177,10,2177,TAMIAHUA,,90030
102178,10,2178,TAMPICO ALTO,,90030
102179,10,2179,TANCOCO,,90030
102180,10,2180,TANTIMA,,90030
102181,10,2181,TANTOYUCA,,90030
102182,10,2182,TATALITA,,90030
102183,10,2183,CASTILLO DE TEAYO,,90030
102184,10,2184,TECOLUTLA,,90030
102185,10,2185,TEHUIPANGO,,90030
102186,10,2186,TEMAPACHE,,90030
102187,10,2187,TEMPOAL,,90030
102188,10,2188,TENAMPA,,90030
102189,10,2189,TENOCHTITLAN,,90030
102190,10,2190,TEOCELO,,90030
102191,10,2191,TEPATLAXCO,,90030
102192,10,2192,TEPETLANN,,90030
102193,10,2193,TEPETZINTLA,,90030
102194,10,2194,TEQUILA,,90030
102195,10,2195,JOSE AZUETA,,90030
102196,10,2196,TEXCATEPEC,,90030
102197,10,2197,TEXHUACAN,,90030
102198,10,2198,TEXISTEPEC,,90030
102199,10,2199,TEZONAPA,,90030
102200,10,2200,TIERRA BLANCA,,90030
102201,10,2201,TIHUATLAN,,90030
102202,10,2202,TLACOJALPAN,,90030
102203,10,2203,TLACOLULAN,,90030
102204,10,2204,TLACOTALPAN,,90030
102205,10,2205,TLACOTEPEC DE MEJIA,,90030
102206,10,2206,TLACHICHILCO,,90030
102207,10,2207,TLALIXCOYAN,,90030
102208,10,2208,TLALNEHUALYOCAN,,90030
102209,10,2209,TLALPAYOCAN,,90030
102210,10,2210,TLAQUILPAN,,90030
102211,10,2211,TLILAPAN,,90030
102212,10,2212,TOMATLAN,,90030
102213,10,2213,TONAYAN,,90030
102214,10,2214,TOTUTLA,,90030
102215,10,2215,TUXPAM,,90030
102216,10,2216,TUXTILLA,,90030
102217,10,2217,URSULO GALVAN,,90030
102218,10,2218,VEGA DE ALATORRRE,,90030
102219,10,2219,VERACRUZ,,90030
102220,10,2220,VILLA ALDAMA,,90030
102221,10,2221,XOXOCOTLA,,90030
102222,10,2222,YANGA,,90030
102223,10,2223,YECUATLAN,,90030
102224,10,2224,ZACUALPAN,,90030
102225,10,2225,ZARAGOZA,,90030
102226,10,2226,ZENTLA,,90030
102227,10,2227,ZONGOLICA,,90030
102228,10,2228,ZOZOCOLCO DE HIDALGO,,90030
102229,10,2229,AGUA DULCE,,90030
102230,10,2230,"HIGO, EL",,90030
102231,10,2231,MONCHITAL DE LAZARO CARDENAS DEL RIO,,90030
102232,10,2232,TRES VALLES,,90030
102233,10,2233,ABALA,,90031
102234,10,2234,ACANCEH,,90031
102235,10,2235,AKIL,,90031
102236,10,2236,BACA,,90031
102237,10,2237,BOKOBA,,90031
102238,10,2238,BUCTZOTZ,,90031
102239,10,2239,CACALCHEN,,90031
102240,10,2240,CALOTMUL,,90031
102241,10,2241,CANSAHCAB,,90031
102242,10,2242,CANTAMAYEC,,90031
102243,10,2243,CELESTUN,,90031
102244,10,2244,CENOTILLO,,90031
102245,10,2245,CONKAL,,90031
102246,10,2246,CUNCUNUL,,90031
102247,10,2247,CUZAMA,,90031
102248,10,2248,CHACSINKIN,,90031
102249,10,2249,CHANKON,,90031
102250,10,2250,CHAPAB,,90031
102251,10,2251,CHEMAX,,90031
102252,10,2252,CHICXULUB PUEBLO,,90031
102253,10,2253,CHICHIMILA,,90031
102254,10,2254,CHIKINDZONOT,,90031
102255,10,2255,CHOCHOLA,,90031
102256,10,2256,CHUMAYEL,,90031
102257,10,2257,DZAN,,90031
102258,10,2258,DZEMUL,,90031
102259,10,2259,DZIDZANTUN,,90031
102260,10,2260,DZILAM DE BRAVO,,90031
102261,10,2261,DZILAM GONZALEZ,,90031
102262,10,2262,DZITAS,,90031
102263,10,2263,DZONCAUICH,,90031
102264,10,2264,ESPITA,,90031
102265,10,2265,HALACHO,,90031
102266,10,2266,HOCABA,,90031
102267,10,2267,HOCTUM,,90031
102268,10,2268,HOMUN,,90031
102269,10,2269,HUHI,,90031
102270,10,2270,HUNUCMA,,90031
102271,10,2271,IXIL,,90031
102272,10,2272,IZAMAL,,90031
102273,10,2273,KANASIN,,90031
102274,10,2274,KANTUNIL,,90031
102275,10,2275,KAUA,,90031
102276,10,2276,KINCHIL,,90031
102277,10,2277,KOPOMA,,90031
102278,10,2278,MAMA,,90031
102279,10,2279,MANI,,90031
102280,10,2280,MAXCANU,,90031
102281,10,2281,MAYAPAN,,90031
102282,10,2282,MERIDA,,90031
102283,10,2283,MOCOCHA,,90031
102284,10,2284,MOTUL,,90031
102285,10,2285,MUNA,,90031
102286,10,2286,MUXUPIP,,90031
102287,10,2287,OPICHEN,,90031
102288,10,2288,OXKUTZCAB,,90031
102289,10,2289,PANABA,,90031
102290,10,2290,PETO,,90031
102291,10,2291,PROGRESO,,90031
102292,10,2292,QUINTANA ROO,,90031
102293,10,2293,RIO LAGARTOS,,90031
102294,10,2294,SACALUM,,90031
102295,10,2295,SAMAHIL,,90031
102296,10,2296,SANAHCAT,,90031
102297,10,2297,SAN FELIPE,,90031
102298,10,2298,SANTA ELENA,,90031
102299,10,2299,SEYE,,90031
102300,10,2300,SINANCHE,,90031
102301,10,2301,SOTUTA,,90031
102302,10,2302,SUCILA,,90031
102303,10,2303,SUDZAL,,90031
102304,10,2304,SUMA,,90031
102305,10,2305,TAHDZIU,,90031
102306,10,2306,TAHMEK,,90031
102307,10,2307,TEABO,,90031
102308,10,2308,TECOH,,90031
102309,10,2309,TEKAL DE VENEGAS,,90031
102310,10,2310,TEKANTO,,90031
102311,10,2311,TEKAX,,90031
102312,10,2312,TEKIT,,90031
102313,10,2313,TEKOM,,90031
102314,10,2314,TELCHAC PUEBLO,,90031
102315,10,2315,TELCHAC PUERTO,,90031
102316,10,2316,TEMAX,,90031
102317,10,2317,TEMOZON,,90031
102318,10,2318,TEPAKAN,,90031
102319,10,2319,TETIZ,,90031
102320,10,2320,TEYA,,90031
102321,10,2321,TICUL,,90031
102322,10,2322,TIMUCUY,,90031
102323,10,2323,TINUM,,90031
102324,10,2324,TIXCACALCUPUL,,90031
102325,10,2325,TIXKOKOB,,90031
102326,10,2326,TIXMEHUAC,,90031
102327,10,2327,TIXPEHUAL,,90031
102328,10,2328,TIZIMIN,,90031
102329,10,2329,TUNKAS,,90031
102330,10,2330,TZUCACAB,,90031
102331,10,2331,UAYMA,,90031
102332,10,2332,UCU,,90031
102333,10,2333,UMAN,,90031
102334,10,2334,VALLADOLID,,90031
102335,10,2335,XOCCHEL,,90031
102336,10,2336,YAXCABA,,90031
102337,10,2337,YAXKUKUL,,90031
102338,10,2338,YOBAIN,,90031
102339,10,2339,APOZOL,,90032
102340,10,2340,APULCO,,90032
102341,10,2341,ATOLINGA,,90032
102342,10,2342,BENITO JUAREZ,,90032
102343,10,2343,CALERA,,90032
102344,10,2344,CA벨TAS DE FELIPE PESCADOR,,90032
102345,10,2345,CONCEPCION DEL ORO,,90032
102346,10,2346,CUAHUTEMOC,,90032
102347,10,2347,CHALCHIHUITES,,90032
102348,10,2348,FRESNILLO,,90032
102349,10,2349,TRINIDAD GARCIA DE LA CADENA,,90032
102350,10,2350,GENARO CODINA,,90032
102351,10,2351,GENERAL ENRIQUE ESTRADA,,90032
102352,10,2352,FRANCISCO R. MURGUIA,,90032
102353,10,2353,GENERAL JOAQUIN AMARO,,90032
102354,10,2354,GENERAL PANFILO NATERA,,90032
102355,10,2355,GUADALUPE,,90032
102356,10,2356,HUANUSCO,,90032
102357,10,2357,JALPA,,90032
102358,10,2358,JEREZ,,90032
102359,10,2359,JIMENEZ DE TEUL,,90032
102360,10,2360,JUAN ALDAMA,,90032
102361,10,2361,JUCHIPILA,,90032
102362,10,2362,LORETO,,90032
102363,10,2363,LUIS MOYA,,90032
102364,10,2364,MAZAPIL,,90032
102365,10,2365,MELCHOR OCAMPO,,90032
102366,10,2366,MEZQUITAL DEL ORO,,90032
102367,10,2367,MIGUEL AUZA,,90032
102368,10,2368,MOMAX,,90032
102369,10,2369,MONTE ESCOBEDO,,90032
102370,10,2370,MORELOS,,90032
102371,10,2371,MOYAHUA DE ESTRADA,,90032
102372,10,2372,NOCHISTLAN DE MEJIA,,90032
102373,10,2373,NORIA DE ANGELES,,90032
102374,10,2374,OJOCALIENTE,,90032
102375,10,2375,PANUCO,,90032
102376,10,2376,PINOS,,90032
102377,10,2377,RIO GRANDE,,90032
102378,10,2378,SAIN ALTO,,90032
102379,10,2379,SALVADOR EL,,90032
102380,10,2380,SOMBRERETE,,90032
102381,10,2381,SUSTICACAN,,90032
102382,10,2382,TABASCO,,90032
102383,10,2383,TEPECHITLAN,,90032
102384,10,2384,TEPETONGO,,90032
102385,10,2385,TEUL DE GONZALEZ ORTEGA,,90032
102386,10,2386,TLALTENANGO DE SANCHEZ ROMAN,,90032
102387,10,2387,VALPARAISO,,90032
102388,10,2388,VETAGRANDE,,90032
102389,10,2389,VILLA DE COS,,90032
102390,10,2390,VILLA GARCIA,,90032
102391,10,2391,VILLA GONZALEZ ORTEGA,,90032
102392,10,2392,VILLA HIDALGO,,90032
102393,10,2393,VILLANUEVA,,90032
102394,10,2394,ZACATECAS,,90032
102395,10,2395,CUAUTITLAN DE ROMERO RUBIO,,90015
102396,10,2396,SANTIAGO DE QUERETARO,,90022
102397,10,2397,NO ESPECIFICADO,,90001
102398,10,2398,CUAJIMALPA,,90009
102399,10,2399,NO ESPECIFICADO,,90003
102400,10,2400,NO ESPECIFICADO,,90004
102401,10,2401,NO ESPECIFICADO,,90005
102402,10,2402,NO ESPECIFICADO,,90006
102403,10,2403,NO ESPECIFICADO,,90007
102404,10,2404,NO ESPECIFICADO,,90008
102405,10,2405,NO ESPECIFICADO,,90009
102406,10,2406,NO ESPECIFICADO,,90010
102407,10,2407,NO ESPECIFICADO,,90011
102408,10,2408,NO ESPECIFICADO,,90012
102409,10,2409,NO ESPECIFICADO,,90013
102410,10,2410,NO ESPECIFICADO,,90014
102411,10,2411,NO ESPECIFICADO,,90015
102412,10,2412,NO ESPECIFICADO,,90016
102413,10,2413,NO ESPECIFICADO,,90017
102414,10,2414,NO ESPECIFICADO,,90018
102415,10,2415,NO ESPECIFICADO,,90019
102416,10,2416,NO ESPECIFICADO,,90020
102417,10,2417,NO ESPECIFICADO,,90021
102418,10,2418,NO ESPECIFICADO,,90022
102419,10,2419,NO ESPECIFICADO,,90023
102420,10,2420,NO ESPECIFICADO,,90024
102421,10,2421,NO ESPECIFICADO,,90025
102422,10,2422,NO ESPECIFICADO,,90026
102423,10,2423,NO ESPECIFICADO,,90027
102424,10,2424,NO ESPECIFICADO,,90028
102425,10,2425,NO ESPECIFICADO,,90029
102426,10,2426,NO ESPECIFICADO,,90030
102427,10,2427,NO ESPECIFICADO,,90031
102431,10,2431,LOS REYES LA PAZ,,90015
102432,10,2432,CULIACAN DE ROSALES,,90025
